COMPOSER	COLLECTION	MOVEMENT	SCORE
Beethoven, Ludwig van	Op018 No1	1	YES
Beethoven, Ludwig van	Op018 No1	2	YES
Beethoven, Ludwig van	Op018 No1	3	YES
Beethoven, Ludwig van	Op018 No1	4	YES
Beethoven, Ludwig van	Op018 No2	1	YES
Beethoven, Ludwig van	Op018 No2	2	YES
Beethoven, Ludwig van	Op018 No2	3	YES
Beethoven, Ludwig van	Op018 No2	4	YES
Beethoven, Ludwig van	Op018 No3	1	YES
Beethoven, Ludwig van	Op018 No3	2	YES
Beethoven, Ludwig van	Op018 No3	3	YES
Beethoven, Ludwig van	Op018 No3	4	YES
Beethoven, Ludwig van	Op018 No4	1	YES
Beethoven, Ludwig van	Op018 No4	2	YES
Beethoven, Ludwig van	Op018 No4	3	YES
Beethoven, Ludwig van	Op018 No4	4	YES
Beethoven, Ludwig van	Op018 No5	1	YES
Beethoven, Ludwig van	Op018 No5	2	YES
Beethoven, Ludwig van	Op018 No5	3	YES
Beethoven, Ludwig van	Op018 No5	4	YES
Beethoven, Ludwig van	Op018 No6	1	YES
Beethoven, Ludwig van	Op018 No6	2	YES
Beethoven, Ludwig van	Op018 No6	3	YES
Beethoven, Ludwig van	Op018 No6	4	YES
Beethoven, Ludwig van	Op059 No1	1	YES
Beethoven, Ludwig van	Op059 No1	2	YES
Beethoven, Ludwig van	Op059 No1	3	YES
Beethoven, Ludwig van	Op059 No1	4	YES
Beethoven, Ludwig van	Op059 No2	1	YES
Beethoven, Ludwig van	Op059 No2	2	YES
Beethoven, Ludwig van	Op059 No2	3	YES
Beethoven, Ludwig van	Op059 No2	4	YES
Beethoven, Ludwig van	Op059 No3	1	YES
Beethoven, Ludwig van	Op059 No3	2	YES
Beethoven, Ludwig van	Op059 No3	3	YES
Beethoven, Ludwig van	Op059 No3	4	YES
Beethoven, Ludwig van	Op074	1	YES
Beethoven, Ludwig van	Op074	2	YES
Beethoven, Ludwig van	Op074	3	YES
Beethoven, Ludwig van	Op074	4	YES
Beethoven, Ludwig van	Op095	1	YES
Beethoven, Ludwig van	Op095	2	YES
Beethoven, Ludwig van	Op095	3	YES
Beethoven, Ludwig van	Op095	4	YES
Beethoven, Ludwig van	Op127	1	YES
Beethoven, Ludwig van	Op127	2	YES
Beethoven, Ludwig van	Op127	3	YES
Beethoven, Ludwig van	Op127	4	YES
Beethoven, Ludwig van	Op130	1	YES
Beethoven, Ludwig van	Op130	2	YES
Beethoven, Ludwig van	Op130	3	YES
Beethoven, Ludwig van	Op130	4	YES
Beethoven, Ludwig van	Op130	5	YES
Beethoven, Ludwig van	Op130	6	YES
Beethoven, Ludwig van	Op131	1	YES
Beethoven, Ludwig van	Op131	2	YES
Beethoven, Ludwig van	Op131	3	YES
Beethoven, Ludwig van	Op131	4	YES
Beethoven, Ludwig van	Op131	5	YES
Beethoven, Ludwig van	Op131	6	YES
Beethoven, Ludwig van	Op131	7	YES
Beethoven, Ludwig van	Op132	1	YES
Beethoven, Ludwig van	Op132	2	YES
Beethoven, Ludwig van	Op132	3	YES
Beethoven, Ludwig van	Op132	4	YES
Beethoven, Ludwig van	Op132	5	YES
Beethoven, Ludwig van	Op135	1	YES
Beethoven, Ludwig van	Op135	2	YES
Beethoven, Ludwig van	Op135	3	YES
Beethoven, Ludwig van	Op135	4	YES
Haydn, Franz Joseph	Op20 No1	1	N
Haydn, Franz Joseph	Op20 No1	2	N
Haydn, Franz Joseph	Op20 No1	3	N
Haydn, Franz Joseph	Op20 No1	4	N
Haydn, Franz Joseph	Op20 No2	1	N
Haydn, Franz Joseph	Op20 No2	2	N
Haydn, Franz Joseph	Op20 No2	3	N
Haydn, Franz Joseph	Op20 No2	4	N
Haydn, Franz Joseph	Op20 No3	1	N
Haydn, Franz Joseph	Op20 No3	2	N
Haydn, Franz Joseph	Op20 No3	3	N
Haydn, Franz Joseph	Op20 No3	4	N
Haydn, Franz Joseph	Op20 No4	1	N
Haydn, Franz Joseph	Op20 No4	2	N
Haydn, Franz Joseph	Op20 No4	3	N
Haydn, Franz Joseph	Op20 No4	4	N
Haydn, Franz Joseph	Op20 No5	1	N
Haydn, Franz Joseph	Op20 No5	2	N
Haydn, Franz Joseph	Op20 No5	3	N
Haydn, Franz Joseph	Op20 No5	4	N
Haydn, Franz Joseph	Op20 No6	1	N
Haydn, Franz Joseph	Op20 No6	2	N
Haydn, Franz Joseph	Op20 No6	3	N
Haydn, Franz Joseph	Op20 No6	4	N
