mc	mn	mc_onset	mn_onset	timesig	staff	voice	volta	label	globalkey	localkey	pedal	chord	special	numeral	form	figbass	changes	relativeroot	cadence	phraseend	chord_type	globalkey_is_minor	localkey_is_minor	chord_tones	added_tones	root	bass_note
1	1	0	0	2/4	4	1		G.I	G	I		I		I							M	0	0	0, 4, 1		0	0
3	3	0	0	2/4	4	1		V7	G	I		V7		V		7					Mm7	0	0	1, 5, 2, -1		1	1
5	5	0	0	2/4	4	1		I	G	I		I		I							M	0	0	0, 4, 1		0	0
6	6	0	0	2/4	4	1		V.ii	G	V		ii		ii							m	0	0	2, -1, 3		2	2
7	7	0	0	2/4	4	1		V(64)	G	V		V(64)		V			64				M	0	0	1, 0, 4		1	1
7	7	1/4	1/4	2/4	4	1		V7	G	V		V7		V		7					Mm7	0	0	1, 5, 2, -1		1	1
8	8	0	0	2/4	4	1		I\\	G	V		I		I						\\	M	0	0	0, 4, 1		0	0
9	9	0	0	2/4	4	1		I.V7	G	I		V7		V		7					Mm7	0	0	1, 5, 2, -1		1	1
11	11	0	0	2/4	4	1		I	G	I		I		I							M	0	0	0, 4, 1		0	0
12	12	0	0	2/4	4	1		I6	G	I		I6		I		6					M	0	0	4, 1, 0		0	4
13	13	0	0	2/4	4	1		V7/vi	G	I		V7/vi		V		7		vi			Mm7	0	0	4, 8, 5, 2		4	4
15	15	0	0	2/4	4	1		vi	G	I		vi		vi							m	0	0	3, 0, 4		3	3
15	15	1/4	1/4	2/4	4	1		V7/vi	G	I		V7/vi		V		7		vi			Mm7	0	0	4, 8, 5, 2		4	4
16	16	0	0	2/4	4	1		vi	G	I		vi		vi							m	0	0	3, 0, 4		3	3
17	17	0	0	2/4	4	1		V7/IV	G	I		V7/IV		V		7		IV			Mm7	0	0	0, 4, 1, -2		0	0
18	18	0	0	2/4	4	1		IV	G	I		IV		IV							M	0	0	-1, 3, 0		-1	-1
19	19	0	0	2/4	4	1		V7	G	I		V7		V		7					Mm7	0	0	1, 5, 2, -1		1	1
20	20	1/8	1/8	2/4	4	1		V2	G	I		V2		V		2					Mm7	0	0	-1, 1, 5, 2		1	-1
20	20	1/4	1/4	2/4	4	1		I6	G	I		I6		I		6					M	0	0	4, 1, 0		0	4
20	20	3/8	3/8	2/4	4	1		V43	G	I		V43		V		43					Mm7	0	0	2, -1, 1, 5		1	2
21	21	0	0	2/4	4	1		I	G	I		I		I							M	0	0	0, 4, 1		0	0
23	23	0	0	2/4	4	1		V43	G	I		V43		V		43					Mm7	0	0	2, -1, 1, 5		1	2
24	24	0	0	2/4	4	1		V43	G	I		V43		V		43					Mm7	0	0	2, -1, 1, 5		1	2
25	25	0	0	2/4	4	1		V	G	I		V		V							M	0	0	1, 5, 2		1	1
26	26	0	0	2/4	4	1		V7	G	I		V7		V		7					Mm7	0	0	1, 5, 2, -1		1	1
27	27	0	0	2/4	4	1		I6	G	I		I6		I		6					M	0	0	4, 1, 0		0	4
27	27	1/8	1/8	2/4	4	1		vi	G	I		vi		vi							m	0	0	3, 0, 4		3	3
27	27	1/4	1/4	2/4	4	1		ii6	G	I		ii6		ii		6					m	0	0	-1, 3, 2		2	-1
27	27	3/8	3/8	2/4	4	1		V	G	I		V		V							M	0	0	1, 5, 2		1	1
28	28	0	0	2/4	4	1		I\\	G	I		I		I						\\	M	0	0	0, 4, 1		0	0
29	29	0	0	2/4	4	1		V65	G	I		V65		V		65					Mm7	0	0	5, 2, -1, 1		1	5
30	30	0	0	2/4	4	1		I	G	I		I		I							M	0	0	0, 4, 1		0	0
30	30	1/8	1/8	2/4	4	1		V2/IV	G	I		V2/IV		V		2		IV			Mm7	0	0	-2, 0, 4, 1		0	-2
30	30	1/4	1/4	2/4	4	1		IV6	G	I		IV6		IV		6					M	0	0	3, 0, -1		-1	3
30	30	3/8	3/8	2/4	4	1		viio	G	I		viio		vii	o						o	0	0	5, 2, -1		5	5
31	31	0	0	2/4	4	1		I	G	I		I		I							M	0	0	0, 4, 1		0	0
31	31	1/8	1/8	2/4	4	1		vi	G	I		vi		vi							m	0	0	3, 0, 4		3	3
31	31	1/4	1/4	2/4	4	1		ii6	G	I		ii6		ii		6					m	0	0	-1, 3, 2		2	-1
31	31	3/8	3/8	2/4	4	1		V	G	I		V		V							M	0	0	1, 5, 2		1	1
32	32	0	0	2/4	4	1		I\\	G	I		I		I						\\	M	0	0	0, 4, 1		0	0
33	33	0	0	2/4	4	1		V65	G	I		V65		V		65					Mm7	0	0	5, 2, -1, 1		1	5
34	34	0	0	2/4	4	1		I	G	I		I		I							M	0	0	0, 4, 1		0	0
35	35	0	0	2/4	4	1		vi	G	I		vi		vi							m	0	0	3, 0, 4		3	3
35	35	7/16	7/16	2/4	4	1		viio6/V	G	I		viio6/V		vii	o	6		V			o	0	0	3, 0, 6		6	3
36	36	0	0	2/4	4	1		V	G	I		V		V							M	0	0	1, 5, 2		1	1
38	38	0	0	2/4	4	1		v.i	G	v		i		i							m	0	1	0, -3, 1		0	0
39	39	0	0	2/4	4	1		i6	G	v		i6		i		6					m	0	1	-3, 1, 0		0	-3
40	40	0	0	2/4	4	1		V65	G	v		V65		V		65					Mm7	0	1	5, 2, -1, 1		1	5
41	41	0	0	2/4	4	1		V2	G	v		V2		V		2					Mm7	0	1	-1, 1, 5, 2		1	-1
42	42	0	0	2/4	4	1		V	G	v		V		V							M	0	1	1, 5, 2		1	1
43	43	0	0	2/4	4	1		V2	G	v		V2		V		2					Mm7	0	1	-1, 1, 5, 2		1	-1
44	44	0	0	2/4	4	1		i	G	v		i		i							m	0	1	0, -3, 1		0	0
45	45	0	0	2/4	4	1		i64	G	v		i64		i		64					m	0	1	1, 0, -3		0	1
46	46	0	0	2/4	4	1		VI	G	v		VI		VI							M	0	1	-4, 0, -3		-4	-4
48	48	0	0	2/4	4	1		viio7/V	G	v		viio7/V		vii	o	7		V			o7	0	1	6, 3, 0, -3		6	6
50	50	0	0	2/4	4	1		V[V	G	v	V	V		V							M	0	1	1, 5, 2		1	1
51	51	0	0	2/4	4	1		viio64(^2)/V	G	v	V	viio64(^2)/V		vii	o	64	^2	V			o	0	1	0, 6, 1		6	0
51	51	1/4	1/4	2/4	4	1		viio64/V	G	v	V	viio64/V		vii	o	64		V			o	0	1	0, 6, 3		6	0
52	52	0	0	2/4	4	1		V7(^2)	G	v	V	V7(^2)		V		7	^2				Mm7	0	1	1, -4, 2, -1		1	1
52	52	1/4	1/4	2/4	4	1		V7	G	v	V	V7		V		7					Mm7	0	1	1, 5, 2, -1		1	1
53	53	0	0	2/4	4	1		i64(#7)	G	v	V	i64(#7)		i		64	#7				m	0	1	1, 5, -3		0	1
53	53	1/4	1/4	2/4	4	1		i64	G	v	V	i64		i		64					m	0	1	1, 0, -3		0	1
54	54	0	0	2/4	4	1		V7(4)]	G	v	V	V7(4)		V		7	4				Mm7	0	1	1, 0, 2, -1		1	1
55	55	0	0	2/4	4	1		V7	G	v		V7		V		7					Mm7	0	1	1, 5, 2, -1		1	1
56	56	0	0	2/4	4	1		V.I	G	V		I		I							M	0	0	0, 4, 1		0	0
58	58	0	0	2/4	4	1		ii6	G	V		ii6		ii		6					m	0	0	-1, 3, 2		2	-1
58	58	1/4	1/4	2/4	4	1		vii%7/V	G	V		vii%7/V		vii	%	7		V			%7	0	0	6, 3, 0, 4		6	6
59	59	0	0	2/4	4	1		V\\	G	V		V		V						\\	M	0	0	1, 5, 2		1	1
60	60	0	0	2/4	4	1		I	G	V		I		I							M	0	0	0, 4, 1		0	0
60	60	1/8	1/8	2/4	4	1		I6	G	V		I6		I		6					M	0	0	4, 1, 0		0	4
60	60	1/4	1/4	2/4	4	1		I64	G	V		I64		I		64					M	0	0	1, 0, 4		0	1
60	60	3/8	3/8	2/4	4	1		V6	G	V		V6		V		6					M	0	0	5, 2, 1		1	5
61	61	0	0	2/4	4	1		I	G	V		I		I							M	0	0	0, 4, 1		0	0
61	61	1/8	1/8	2/4	4	1		V6	G	V		V6		V		6					M	0	0	5, 2, 1		1	5
61	61	1/4	1/4	2/4	4	1		I	G	V		I		I							M	0	0	0, 4, 1		0	0
61	61	3/8	3/8	2/4	4	1		IV6	G	V		IV6		IV		6					M	0	0	3, 0, -1		-1	3
62	62	0	0	2/4	4	1		IV	G	V		IV		IV							M	0	0	-1, 3, 0		-1	-1
62	62	1/8	1/8	2/4	4	1		vi	G	V		vi		vi							m	0	0	3, 0, 4		3	3
62	62	1/4	1/4	2/4	4	1		V7	G	V		V7		V		7					Mm7	0	0	1, 5, 2, -1		1	1
63	63	0	0	2/4	4	1		I\\	G	V		I		I						\\	M	0	0	0, 4, 1		0	0
64	64	0	0	2/4	4	1		I	G	V		I		I							M	0	0	0, 4, 1		0	0
66	66	0	0	2/4	4	1		viio6	G	V		viio6		vii	o	6					o	0	0	2, -1, 5		5	2
68	68	0	0	2/4	4	1		I6	G	V		I6		I		6					M	0	0	4, 1, 0		0	4
70	70	0	0	2/4	4	1		IV	G	V		IV		IV							M	0	0	-1, 3, 0		-1	-1
72	72	0	0	2/4	4	1		V7	G	V		V7		V		7					Mm7	0	0	1, 5, 2, -1		1	1
73	73	0	0	2/4	4	1		V(64)	G	V		V(64)		V			64				M	0	0	1, 0, 4		1	1
74	74	0	0	2/4	4	1		V	G	V		V		V							M	0	0	1, 5, 2		1	1
75	75	0	0	2/4	4	1		V(64)	G	V		V(64)		V			64				M	0	0	1, 0, 4		1	1
76	76	0	0	2/4	4	1		V7	G	V		V7		V		7					Mm7	0	0	1, 5, 2, -1		1	1
77	77	0	0	2/4	4	1		viio2	G	V		viio2		vii	o	2					o7	0	0	-4, 5, 2, -1		5	-4
77	77	1/4	1/4	2/4	4	1		viio64	G	V		viio64		vii	o	64					o	0	0	-1, 5, 2		5	-1
78	78	0	0	2/4	4	1		V7	G	V		V7		V		7					Mm7	0	0	1, 5, 2, -1		1	1
79	79	0	0	2/4	4	1		viio2	G	V		viio2		vii	o	2					o7	0	0	-4, 5, 2, -1		5	-4
79	79	1/4	1/4	2/4	4	1		viio64	G	V		viio64		vii	o	64					o	0	0	-1, 5, 2		5	-1
80	80	0	0	2/4	4	1		V	G	V		V		V							M	0	0	1, 5, 2		1	1
81	81	0	0	2/4	4	1		viio2	G	V		viio2		vii	o	2					o7	0	0	-4, 5, 2, -1		5	-4
81	81	1/4	1/4	2/4	4	1		viio64	G	V		viio64		vii	o	64					o	0	0	-1, 5, 2		5	-1
82	82	0	0	2/4	4	1		V7	G	V		V7		V		7					Mm7	0	0	1, 5, 2, -1		1	1
83	83	0	0	2/4	4	1		viio2	G	V		viio2		vii	o	2					o7	0	0	-4, 5, 2, -1		5	-4
83	83	1/4	1/4	2/4	4	1		viio64	G	V		viio64		vii	o	64					o	0	0	-1, 5, 2		5	-1
84	84	0	0	2/4	4	1		viio7/V	G	V		viio7/V		vii	o	7		V			o7	0	0	6, 3, 0, -3		6	6
86	86	0	0	2/4	4	1		V(64)	G	V		V(64)		V			64				M	0	0	1, 0, 4		1	1
87	87	0	0	2/4	4	1		V7	G	V		V7		V		7					Mm7	0	0	1, 5, 2, -1		1	1
89	89	0	0	2/4	4	1		viio2	G	V		viio2		vii	o	2					o7	0	0	-4, 5, 2, -1		5	-4
89	89	1/4	1/4	2/4	4	1		viio64	G	V		viio64		vii	o	64					o	0	0	-1, 5, 2		5	-1
90	90	0	0	2/4	4	1		V7	G	V		V7		V		7					Mm7	0	0	1, 5, 2, -1		1	1
91	91	0	0	2/4	4	1		viio2	G	V		viio2		vii	o	2					o7	0	0	-4, 5, 2, -1		5	-4
91	91	1/4	1/4	2/4	4	1		viio64	G	V		viio64		vii	o	64					o	0	0	-1, 5, 2		5	-1
92	92	0	0	2/4	4	1		V7	G	V		V7		V		7					Mm7	0	0	1, 5, 2, -1		1	1
93	93	0	0	2/4	4	1		viio2	G	V		viio2		vii	o	2					o7	0	0	-4, 5, 2, -1		5	-4
93	93	1/4	1/4	2/4	4	1		viio64	G	V		viio64		vii	o	64					o	0	0	-1, 5, 2		5	-1
94	94	0	0	2/4	4	1		V7	G	V		V7		V		7					Mm7	0	0	1, 5, 2, -1		1	1
94	94	1/4	1/4	2/4	4	1		viio2	G	V		viio2		vii	o	2					o7	0	0	-4, 5, 2, -1		5	-4
95	95	0	0	2/4	4	1		viio7/bVII	G	V		viio7/bVII		vii	o	7		bVII			o7	0	0	3, 0, -3, -6		3	3
96	96	0	0	2/4	4	1		bVII.V7	G	bVII		V7		V		7					Mm7	0	0	1, 5, 2, -1		1	1
97	97	0	0	2/4	4	1		V(64)	G	bVII		V(64)		V			64				M	0	0	1, 0, 4		1	1
98	98	0	0	2/4	4	1		V7	G	bVII		V7		V		7					Mm7	0	0	1, 5, 2, -1		1	1
99	99	0	0	2/4	4	1		V(64)	G	bVII		V(64)		V			64				M	0	0	1, 0, 4		1	1
100	100	0	0	2/4	4	1		V7	G	bVII		V7		V		7					Mm7	0	0	1, 5, 2, -1		1	1
101	101	0	0	2/4	4	1		V(64)	G	bVII		V(64)		V			64				M	0	0	1, 0, 4		1	1
102	102	0	0	2/4	4	1		V7	G	bVII		V7		V		7					Mm7	0	0	1, 5, 2, -1		1	1
103	103	0	0	2/4	4	1		I\\	G	bVII		I		I						\\	M	0	0	0, 4, 1		0	0
104	104	0	0	2/4	4	1		V.#viio65/ii	G	V		#viio65/ii		#vii	o	65		ii			o7	0	0	4, 1, -2, 7		7	4
106	106	0	0	2/4	4	1		V(64)/V	G	V		V(64)/V		V			64	V			M	0	0	2, 1, 5		2	2
107	107	0	0	2/4	4	1		V7/V	G	V		V7/V		V		7		V			Mm7	0	0	2, 6, 3, 0		2	2
108	108	0	0	2/4	4	1		V7	G	V		V7		V		7					Mm7	0	0	1, 5, 2, -1		1	1
109	109	0	0	2/4	4	1		#viio7/vi	G	V		#viio7/vi		#vii	o	7		vi			o7	0	0	8, 5, 2, -1		8	8
110	110	0	0	2/4	4	1		vi	G	V		vi		vi							m	0	0	3, 0, 4		3	3
110	110	1/4	1/4	2/4	4	1		V65/V	G	V		V65/V		V		65		V			Mm7	0	0	6, 3, 0, 2		2	6
111	111	0	0	2/4	4	1		V(64)	G	V		V(64)		V			64				M	0	0	1, 0, 4		1	1
111	111	1/4	1/4	2/4	4	1		V7	G	V		V7		V		7					Mm7	0	0	1, 5, 2, -1		1	1
112	112	0	0	2/4	4	1		I\\	G	V		I		I						\\	M	0	0	0, 4, 1		0	0
112	112	1/4	1/4	2/4	4	1		I[I	G	V	I	I		I							M	0	0	0, 4, 1		0	0
114	114	0	0	2/4	4	1		viio	G	V	I	viio		vii	o						o	0	0	5, 2, -1		5	5
114	114	1/4	1/4	2/4	4	1		viio64	G	V	I	viio64		vii	o	64					o	0	0	-1, 5, 2		5	-1
116	116	0	0	2/4	4	1		I	G	V	I	I		I							M	0	0	0, 4, 1		0	0
118	118	0	0	2/4	4	1		V65	G	V	I	V65		V		65					Mm7	0	0	5, 2, -1, 1		1	5
120	120	0	0	2/4	4	1		I	G	V	I	I		I							M	0	0	0, 4, 1		0	0
120	120	1/8	1/8	2/4	4	1		viio64	G	V	I	viio64		vii	o	64					o	0	0	-1, 5, 2		5	-1
121	121	0	0	2/4	4	1		I6	G	V	I	I6		I		6					M	0	0	4, 1, 0		0	4
121	121	1/8	1/8	2/4	4	1		viio64	G	V	I	viio64		vii	o	64					o	0	0	-1, 5, 2		5	-1
122	122	0	0	2/4	4	1		I6]	G	V	I	I6		I		6					M	0	0	4, 1, 0		0	4
123	123	0	0	2/4	4	1		I64	G	V		I64		I		64					M	0	0	1, 0, 4		0	1
123	123	1/4	1/4	2/4	4	1		I6	G	V		I6		I		6					M	0	0	4, 1, 0		0	4
124	124	0	0	2/4	4	1		I	G	V		I		I							M	0	0	0, 4, 1		0	0
125	125	0	0	2/4	4	1		I6	G	V		I6		I		6					M	0	0	4, 1, 0		0	4
126	126	0	0	2/4	4	1		I64	G	V		I64		I		64					M	0	0	1, 0, 4		0	1
127	127	0	0	2/4	4	1		I	G	V		I		I							M	0	0	0, 4, 1		0	0
128	128	0	0	2/4	4	1		I6	G	V		I6		I		6					M	0	0	4, 1, 0		0	4
129	129	0	0	2/4	4	1		I	G	V		I		I							M	0	0	0, 4, 1		0	0
130	130	0	0	2/4	4	1		I64	G	V		I64		I		64					M	0	0	1, 0, 4		0	1
131	131	0	0	2/4	4	1		I6	G	V		I6		I		6					M	0	0	4, 1, 0		0	4
132	132	0	0	2/4	4	1		I	G	V		I		I							M	0	0	0, 4, 1		0	0
135	135	0	0	2/4	4	1		I64	G	V		I64		I		64					M	0	0	1, 0, 4		0	1
138	138	1/4	1/4	2/4	4	1		V7/IV	G	V		V7/IV		V		7		IV			Mm7	0	0	0, 4, 1, -2		0	0
140	140	0	0	2/4	4	1		bVI.I	G	bVI		I		I							M	0	0	0, 4, 1		0	0
142	142	0	0	2/4	4	1		V43	G	bVI		V43		V		43					Mm7	0	0	2, -1, 1, 5		1	2
142	142	1/8	1/8	2/4	4	1		I	G	bVI		I		I							M	0	0	0, 4, 1		0	0
142	142	1/4	1/4	2/4	4	1		V2	G	bVI		V2		V		2					Mm7	0	0	-1, 1, 5, 2		1	-1
142	142	3/8	3/8	2/4	4	1		vi7	G	bVI		vi7		vi		7					mm7	0	0	3, 0, 4, 1		3	3
143	143	0	0	2/4	4	1		V7	G	bVI		V7		V		7					Mm7	0	0	1, 5, 2, -1		1	1
144	144	0	0	2/4	4	1		V	G	bVI		V		V							M	0	0	1, 5, 2		1	1
145	145	0	0	2/4	4	1		V7	G	bVI		V7		V		7					Mm7	0	0	1, 5, 2, -1		1	1
146	146	0	0	2/4	4	1		I6	G	bVI		I6		I		6					M	0	0	4, 1, 0		0	4
146	146	1/8	1/8	2/4	4	1		vi7	G	bVI		vi7		vi		7					mm7	0	0	3, 0, 4, 1		3	3
146	146	1/4	1/4	2/4	4	1		ii6(4)	G	bVI		ii6(4)		ii		6	4				m	0	0	1, 3, 2		2	1
146	146	3/8	3/8	2/4	4	1		V7	G	bVI		V7		V		7					Mm7	0	0	1, 5, 2, -1		1	1
147	147	0	0	2/4	4	1		I\\	G	bVI		I		I						\\	M	0	0	0, 4, 1		0	0
147	147	1/8	1/8	2/4	4	1		I	G	bVI		I		I							M	0	0	0, 4, 1		0	0
148	148	0	0	2/4	4	1		V65	G	bVI		V65		V		65					Mm7	0	0	5, 2, -1, 1		1	5
149	149	0	0	2/4	4	1		I	G	bVI		I		I							M	0	0	0, 4, 1		0	0
149	149	1/8	1/8	2/4	4	1		V65/ii	G	bVI		V65/ii		V		65		ii			Mm7	0	0	7, 4, 1, 3		3	7
149	149	1/4	1/4	2/4	4	1		ii	G	bVI		ii		ii							m	0	0	2, -1, 3		2	2
149	149	3/8	3/8	2/4	4	1		V65	G	bVI		V65		V		65					Mm7	0	0	5, 2, -1, 1		1	5
150	150	0	0	2/4	4	1		I	G	bVI		I		I							M	0	0	0, 4, 1		0	0
150	150	1/8	1/8	2/4	4	1		vi	G	bVI		vi		vi							m	0	0	3, 0, 4		3	3
150	150	1/4	1/4	2/4	4	1		ii6	G	bVI		ii6		ii		6					m	0	0	-1, 3, 2		2	-1
150	150	3/8	3/8	2/4	4	1		V	G	bVI		V		V							M	0	0	1, 5, 2		1	1
151	151	0	0	2/4	4	1		I\\	G	bVI		I		I						\\	M	0	0	0, 4, 1		0	0
151	151	1/8	1/8	2/4	4	1		I	G	bVI		I		I							M	0	0	0, 4, 1		0	0
152	152	0	0	2/4	4	1		V65	G	bVI		V65		V		65					Mm7	0	0	5, 2, -1, 1		1	5
153	153	0	0	2/4	4	1		I	G	bVI		I		I							M	0	0	0, 4, 1		0	0
154	154	0	0	2/4	4	1		bvii.iv6	G	bvii		iv6		iv		6					m	0	1	-4, 0, -1		-1	-4
154	154	3/8	3/8	2/4	4	1		Ger6	G	bvii		Ger6	Ger	vii	o	65	b3	V			Ger	0	1	-4, 0, -3, 6		6	-4
155	155	0	0	2/4	4	1		V\\	G	bvii		V		V						\\	M	0	1	1, 5, 2		1	1
155	155	1/4	1/4	2/4	4	1		V	G	bvii		V		V							M	0	1	1, 5, 2		1	1
156	156	0	0	2/4	4	1		v	G	bvii		v		v							m	0	1	1, -2, 2		1	1
156	156	3/8	3/8	2/4	4	1		V2	G	bvii		V2		V		2					Mm7	0	1	-1, 1, 5, 2		1	-1
157	157	0	0	2/4	4	1		i6	G	bvii		i6		i		6					m	0	1	-3, 1, 0		0	-3
157	157	3/8	3/8	2/4	4	1		V6	G	bvii		V6		V		6					M	0	1	5, 2, 1		1	5
158	158	0	0	2/4	4	1		i	G	bvii		i		i							m	0	1	0, -3, 1		0	0
158	158	3/8	3/8	2/4	4	1		V2/iv	G	bvii		V2/iv		V		2		iv			Mm7	0	1	-2, 0, 4, 1		0	-2
159	159	0	0	2/4	4	1		IV6	G	bvii		IV6		IV		6					M	0	1	3, 0, -1		-1	3
159	159	3/8	3/8	2/4	4	1		iv.V2/V	G	iv		V2/V		V		2		V			Mm7	0	1	0, 2, 6, 3		2	0
160	160	0	0	2/4	4	1		i6	G	iv		i6		i		6					m	0	1	-3, 1, 0		0	-3
160	160	3/8	3/8	2/4	4	1		V65	G	iv		V65		V		65					Mm7	0	1	5, 2, -1, 1		1	5
161	161	3/8	3/8	2/4	4	1		V2/IV	G	iv		V2/IV		V		2		IV			Mm7	0	1	-2, 0, 4, 1		0	-2
162	162	0	0	2/4	4	1		IV6	G	iv		IV6		IV		6					M	0	1	3, 0, -1		-1	3
162	162	3/8	3/8	2/4	4	1		Ger6	G	iv		Ger6	Ger	vii	o	65	b3	V			Ger	0	1	-4, 0, -3, 6		6	-4
163	163	0	0	2/4	4	1		V\\	G	iv		V		V						\\	M	0	1	1, 5, 2		1	1
163	163	1/8	1/8	2/4	4	1		V7	G	iv		V7		V		7					Mm7	0	1	1, 5, 2, -1		1	1
164	164	0	0	2/4	4	1		V(64)	G	iv		V(64)		V			64				M	0	1	1, 0, -3		1	1
165	165	0	0	2/4	4	1		V7	G	iv		V7		V		7					Mm7	0	1	1, 5, 2, -1		1	1
166	166	0	0	2/4	4	1		V(64)	G	iv		V(64)		V			64				M	0	1	1, 0, -3		1	1
167	167	0	0	2/4	4	1		V	G	iv		V		V							M	0	1	1, 5, 2		1	1
168	168	0	0	2/4	4	1		V(64)	G	iv		V(64)		V			64				M	0	1	1, 0, -3		1	1
169	169	0	0	2/4	4	1		V	G	iv		V		V							M	0	1	1, 5, 2		1	1
170	170	0	0	2/4	4	1		V(64)	G	iv		V(64)		V			64				M	0	1	1, 0, -3		1	1
171	171	0	0	2/4	4	1		V\\	G	iv		V		V						\\	M	0	1	1, 5, 2		1	1
172	172	0	0	2/4	4	1		V	G	iv		V		V							M	0	1	1, 5, 2		1	1
175	175	0	0	2/4	4	1		IV.V7	G	IV		V7		V		7					Mm7	0	0	1, 5, 2, -1		1	1
177	177	0	0	2/4	4	1		V7(+9)	G	IV		V7(+9)		V		7	+9				Mm7	0	0	1, 5, 2, -1	3	1	1
178	178	0	0	2/4	4	1		V	G	IV		V		V							M	0	0	1, 5, 2		1	1
179	179	0	0	2/4	4	1		I[I6	G	IV	I	I6		I		6					M	0	0	4, 1, 0		0	4
181	181	0	0	2/4	4	1		V2	G	IV	I	V2		V		2					Mm7	0	0	-1, 1, 5, 2		1	-1
185	185	0	0	2/4	4	1		I6	G	IV	I	I6		I		6					M	0	0	4, 1, 0		0	4
186	186	0	0	2/4	4	1		I6]	G	IV	I	I6		I		6					M	0	0	4, 1, 0		0	4
187	187	0	0	2/4	4	1		V	G	IV		V		V							M	0	0	1, 5, 2		1	1
188	188	0	0	2/4	4	1		I6	G	IV		I6		I		6					M	0	0	4, 1, 0		0	4
189	189	0	0	2/4	4	1		V6	G	IV		V6		V		6					M	0	0	5, 2, 1		1	5
190	190	0	0	2/4	4	1		V2	G	IV		V2		V		2					Mm7	0	0	-1, 1, 5, 2		1	-1
191	191	0	0	2/4	4	1		V7	G	IV		V7		V		7					Mm7	0	0	1, 5, 2, -1		1	1
192	192	0	0	2/4	4	1		V2	G	IV		V2		V		2					Mm7	0	0	-1, 1, 5, 2		1	-1
193	193	0	0	2/4	4	1		I	G	IV		I		I							M	0	0	0, 4, 1		0	0
194	194	0	0	2/4	4	1		I64	G	IV		I64		I		64					M	0	0	1, 0, 4		0	1
196	196	0	0	2/4	4	1		I	G	IV		I		I							M	0	0	0, 4, 1		0	0
198	198	0	0	2/4	4	1		vi	G	IV		vi		vi							m	0	0	3, 0, 4		3	3
199	199	0	0	2/4	4	1		viio64/V	G	IV		viio64/V		vii	o	64		V			o	0	0	0, 6, 3		6	0
200	200	0	0	2/4	4	1		V65/V	G	IV		V65/V		V		65		V			Mm7	0	0	6, 3, 0, 2		2	6
201	201	0	0	2/4	4	1		V64/V	G	IV		V64/V		V		64		V			M	0	0	3, 2, 6		2	3
202	202	0	0	2/4	4	1		V/V	G	IV		V/V		V				V			M	0	0	2, 6, 3		2	2
203	203	0	0	2/4	4	1		I.V	G	I		V		V							M	0	0	1, 5, 2		1	1
204	204	0	0	2/4	4	1		V43	G	I		V43		V		43					Mm7	0	0	2, -1, 1, 5		1	2
205	205	0	0	2/4	4	1		V2	G	I		V2		V		2					Mm7	0	0	-1, 1, 5, 2		1	-1
206	206	0	0	2/4	4	1		V65	G	I		V65		V		65					Mm7	0	0	5, 2, -1, 1		1	5
207	207	0	0	2/4	4	1		V	G	I		V		V							M	0	0	1, 5, 2		1	1
208	208	0	0	2/4	4	1		V43	G	I		V43		V		43					Mm7	0	0	2, -1, 1, 5		1	2
209	209	0	0	2/4	4	1		V2	G	I		V2		V		2					Mm7	0	0	-1, 1, 5, 2		1	-1
210	210	0	0	2/4	4	1		V65	G	I		V65		V		65					Mm7	0	0	5, 2, -1, 1		1	5
211	211	0	0	2/4	4	1		V7	G	I		V7		V		7					Mm7	0	0	1, 5, 2, -1		1	1
212	212	0	0	2/4	4	1		V43	G	I		V43		V		43					Mm7	0	0	2, -1, 1, 5		1	2
213	213	0	0	2/4	4	1		V7	G	I		V7		V		7					Mm7	0	0	1, 5, 2, -1		1	1
215	215	0	0	2/4	4	1		V7(+b9)	G	I		V7(+b9)		V		7	+b9				Mm7	0	0	1, 5, 2, -1	-4	1	1
216	216	0	0	2/4	4	1		V7(+b9)	G	I		V7(+b9)		V		7	+b9				Mm7	0	0	1, 5, 2, -1	-4	1	1
217	217	0	0	2/4	4	1		V7	G	I		V7		V		7					Mm7	0	0	1, 5, 2, -1		1	1
218	218	0	0	2/4	4	1		V7(+b9)	G	I		V7(+b9)		V		7	+b9				Mm7	0	0	1, 5, 2, -1	-4	1	1
222	222	0	0	2/4	4	1		V[viio2/V	G	I	V	viio2/V		vii	o	2		V			o7	0	0	-3, 6, 3, 0		6	-3
223	223	0	0	2/4	4	1		V64	G	I	V	V64		V		64					M	0	0	2, 1, 5		1	2
223	223	1/4	1/4	2/4	4	1		iio6	G	I	V	iio6		ii	o	6					o	0	0	-1, -4, 2		2	-1
224	224	0	0	2/4	4	1		viio6	G	I	V	viio6		vii	o	6					o	0	0	2, -1, 5		5	2
224	224	1/4	1/4	2/4	4	1		viio7	G	I	V	viio7		vii	o	7					o7	0	0	5, 2, -1, -4		5	5
225	225	0	0	2/4	4	1		viio2	G	I	V	viio2		vii	o	2					o7	0	0	-4, 5, 2, -1		5	-4
225	225	1/4	1/4	2/4	4	1		iio6	G	I	V	iio6		ii	o	6					o	0	0	-1, -4, 2		2	-1
226	226	0	0	2/4	4	1		viio7/V	G	I	V	viio7/V		vii	o	7		V			o7	0	0	6, 3, 0, -3		6	6
226	226	1/4	1/4	2/4	4	1		viio2/V	G	I	V	viio2/V		vii	o	2		V			o7	0	0	-3, 6, 3, 0		6	-3
227	227	0	0	2/4	4	1		V64]	G	I	V	V64		V		64					M	0	0	2, 1, 5		1	2
228	228	0	0	2/4	4	1		It6	G	I		It6	It	vii	o	6	b3	V			It	0	0	-4, 0, 6		6	-4
229	229	0	0	2/4	4	1		V	G	I		V		V							M	0	0	1, 5, 2		1	1
230	230	0	0	2/4	4	1		It6	G	I		It6	It	vii	o	6	b3	V			It	0	0	-4, 0, 6		6	-4
231	231	0	0	2/4	4	1		V	G	I		V		V							M	0	0	1, 5, 2		1	1
232	232	0	0	2/4	4	1		It6	G	I		It6	It	vii	o	6	b3	V			It	0	0	-4, 0, 6		6	-4
234	234	0	0	2/4	4	1		bII.V7	G	bII		V7		V		7					Mm7	0	0	1, 5, 2, -1		1	1
235	235	0	0	2/4	4	1		I	G	bII		I		I							M	0	0	0, 4, 1		0	0
237	237	0	0	2/4	4	1		V43	G	bII		V43		V		43					Mm7	0	0	2, -1, 1, 5		1	2
239	239	0	0	2/4	4	1		#viio43/vi	G	bII		#viio43/vi		#vii	o	43		vi			o7	0	0	2, -1, 8, 5		8	2
241	241	0	0	2/4	4	1		I.V7/V	G	I		V7/V		V		7		V			Mm7	0	0	2, 6, 3, 0		2	2
243	243	0	0	2/4	4	1		V43	G	I		V43		V		43					Mm7	0	0	2, -1, 1, 5		1	2
243	243	1/4	1/4	2/4	4	1		I	G	I		I		I							M	0	0	0, 4, 1		0	0
244	244	0	0	2/4	4	1		V6	G	I		V6		V		6					M	0	0	5, 2, 1		1	5
244	244	1/4	1/4	2/4	4	1		vi7	G	I		vi7		vi		7					mm7	0	0	3, 0, 4, 1		3	3
245	245	0	0	2/4	4	1		V7	G	I		V7		V		7					Mm7	0	0	1, 5, 2, -1		1	1
247	247	0	0	2/4	4	1		I	G	I		I		I							M	0	0	0, 4, 1		0	0
249	249	0	0	2/4	4	1		V65	G	I		V65		V		65					Mm7	0	0	5, 2, -1, 1		1	5
251	251	0	0	2/4	4	1		I	G	I		I		I							M	0	0	0, 4, 1		0	0
252	252	0	0	2/4	4	1		vi	G	I		vi		vi							m	0	0	3, 0, 4		3	3
253	253	0	0	2/4	4	1		V.V(64)	G	V		V(64)		V			64				M	0	0	1, 0, 4		1	1
253	253	1/4	1/4	2/4	4	1		V7	G	V		V7		V		7					Mm7	0	0	1, 5, 2, -1		1	1
254	254	0	0	2/4	4	1		I\\	G	V		I		I						\\	M	0	0	0, 4, 1		0	0
255	255	0	0	2/4	4	1		I.V7	G	I		V7		V		7					Mm7	0	0	1, 5, 2, -1		1	1
257	257	0	0	2/4	4	1		vi6	G	I		vi6		vi		6					m	0	0	0, 4, 3		3	0
258	258	0	0	2/4	4	1		vi.V	G	vi		V		V							M	0	1	1, 5, 2		1	1
259	259	0	0	2/4	4	1		V7	G	vi		V7		V		7					Mm7	0	1	1, 5, 2, -1		1	1
261	261	0	0	2/4	4	1		i	G	vi		i		i							m	0	1	0, -3, 1		0	0
261	261	1/4	1/4	2/4	4	1		V7(9)	G	vi		V7(9)		V		7	9				Mm7	0	1	1, 5, 2, -1	-4	1	1
261	261	3/8	3/8	2/4	4	1		V7	G	vi		V7		V		7					Mm7	0	1	1, 5, 2, -1		1	1
262	262	0	0	2/4	4	1		i	G	vi		i		i							m	0	1	0, -3, 1		0	0
263	263	0	0	2/4	4	1		I.V7/IV	G	I		V7/IV		V		7		IV			Mm7	0	0	0, 4, 1, -2		0	0
264	264	0	0	2/4	4	1		IV	G	I		IV		IV							M	0	0	-1, 3, 0		-1	-1
265	265	0	0	2/4	4	1		V7	G	I		V7		V		7					Mm7	0	0	1, 5, 2, -1		1	1
267	267	0	0	2/4	4	1		I	G	I		I		I							M	0	0	0, 4, 1		0	0
269	269	0	0	2/4	4	1		viio6	G	I		viio6		vii	o	6					o	0	0	2, -1, 5		5	2
269	269	1/8	1/8	2/4	4	1		I	G	I		I		I							M	0	0	0, 4, 1		0	0
269	269	1/4	1/4	2/4	4	1		viio	G	I		viio		vii	o						o	0	0	5, 2, -1		5	5
269	269	3/8	3/8	2/4	4	1		vi	G	I		vi		vi							m	0	0	3, 0, 4		3	3
270	270	0	0	2/4	4	1		V7	G	I		V7		V		7					Mm7	0	0	1, 5, 2, -1		1	1
271	271	0	0	2/4	4	1		V	G	I		V		V							M	0	0	1, 5, 2		1	1
272	272	0	0	2/4	4	1		V7	G	I		V7		V		7					Mm7	0	0	1, 5, 2, -1		1	1
272	272	3/8	3/8	2/4	4	1		V2	G	I		V2		V		2					Mm7	0	0	-1, 1, 5, 2		1	-1
273	273	0	0	2/4	4	1		I6	G	I		I6		I		6					M	0	0	4, 1, 0		0	4
273	273	1/8	1/8	2/4	4	1		vi	G	I		vi		vi							m	0	0	3, 0, 4		3	3
273	273	1/4	1/4	2/4	4	1		ii6	G	I		ii6		ii		6					m	0	0	-1, 3, 2		2	-1
273	273	3/8	3/8	2/4	4	1		V	G	I		V		V							M	0	0	1, 5, 2		1	1
274	274	0	0	2/4	4	1		I\\	G	I		I		I						\\	M	0	0	0, 4, 1		0	0
275	275	0	0	2/4	4	1		V65	G	I		V65		V		65					Mm7	0	0	5, 2, -1, 1		1	5
276	276	0	0	2/4	4	1		I	G	I		I		I							M	0	0	0, 4, 1		0	0
276	276	1/8	1/8	2/4	4	1		V2/IV	G	I		V2/IV		V		2		IV			Mm7	0	0	-2, 0, 4, 1		0	-2
276	276	1/4	1/4	2/4	4	1		IV6	G	I		IV6		IV		6					M	0	0	3, 0, -1		-1	3
276	276	3/8	3/8	2/4	4	1		V65	G	I		V65		V		65					Mm7	0	0	5, 2, -1, 1		1	5
277	277	0	0	2/4	4	1		I	G	I		I		I							M	0	0	0, 4, 1		0	0
277	277	1/8	1/8	2/4	4	1		vi	G	I		vi		vi							m	0	0	3, 0, 4		3	3
277	277	1/4	1/4	2/4	4	1		ii6	G	I		ii6		ii		6					m	0	0	-1, 3, 2		2	-1
277	277	3/8	3/8	2/4	4	1		V	G	I		V		V							M	0	0	1, 5, 2		1	1
278	278	0	0	2/4	4	1		I\\	G	I		I		I						\\	M	0	0	0, 4, 1		0	0
279	279	0	0	2/4	4	1		V65	G	I		V65		V		65					Mm7	0	0	5, 2, -1, 1		1	5
280	280	0	0	2/4	4	1		I	G	I		I		I							M	0	0	0, 4, 1		0	0
281	281	0	0	2/4	4	1		vi	G	I		vi		vi							m	0	0	3, 0, 4		3	3
281	281	7/16	7/16	2/4	4	1		viio6/V	G	I		viio6/V		vii	o	6		V			o	0	0	3, 0, 6		6	3
282	282	0	0	2/4	4	1		V	G	I		V		V							M	0	0	1, 5, 2		1	1
283	283	0	0	2/4	4	1		I	G	I		I		I							M	0	0	0, 4, 1		0	0
284	284	0	0	2/4	4	1		i.V	G	i		V		V							M	0	1	1, 5, 2		1	1
284	284	1/4	1/4	2/4	4	1		i	G	i		i		i							m	0	1	0, -3, 1		0	0
286	286	0	0	2/4	4	1		V65	G	i		V65		V		65					Mm7	0	1	5, 2, -1, 1		1	5
287	287	0	0	2/4	4	1		V2	G	i		V2		V		2					Mm7	0	1	-1, 1, 5, 2		1	-1
288	288	0	0	2/4	4	1		V	G	i		V		V							M	0	1	1, 5, 2		1	1
289	289	0	0	2/4	4	1		V2	G	i		V2		V		2					Mm7	0	1	-1, 1, 5, 2		1	-1
290	290	0	0	2/4	4	1		i	G	i		i		i							m	0	1	0, -3, 1		0	0
291	291	0	0	2/4	4	1		i64	G	i		i64		i		64					m	0	1	1, 0, -3		0	1
292	292	0	0	2/4	4	1		VI	G	i		VI		VI							M	0	1	-4, 0, -3		-4	-4
293	293	0	0	2/4	4	1		VI64	G	i		VI64		VI		64					M	0	1	-3, -4, 0		-4	-3
294	294	0	0	2/4	4	1		viio7/V	G	i		viio7/V		vii	o	7		V			o7	0	1	6, 3, 0, -3		6	6
296	296	0	0	2/4	4	1		V	G	i		V		V							M	0	1	1, 5, 2		1	1
297	297	0	0	2/4	4	1		V[viio/V	G	i	V	viio/V		vii	o			V			o	0	1	6, 3, 0		6	6
298	298	0	0	2/4	4	1		V64(2)	G	i	V	V64(2)		V		64	2				M	0	1	2, -4, 5		1	2
298	298	1/4	1/4	2/4	4	1		V64	G	i	V	V64		V		64					M	0	1	2, 1, 5		1	2
299	299	0	0	2/4	4	1		I6	G	i	V	I6		I		6					M	0	1	4, 1, 0		0	4
300	300	0	0	2/4	4	1		V6]	G	i	V	V6		V		6					M	0	1	5, 2, 1		1	5
301	301	0	0	2/4	4	1		V7	G	i		V7		V		7					Mm7	0	1	1, 5, 2, -1		1	1
302	302	0	0	2/4	4	1		I	G	i		I		I							M	0	1	0, 4, 1		0	0
304	304	0	0	2/4	4	1		ii6	G	i		ii6		ii		6					m	0	1	-1, 3, 2		2	-1
304	304	1/4	1/4	2/4	4	1		vii%7/V	G	i		vii%7/V		vii	%	7		V			%7	0	1	6, 3, 0, 4		6	6
305	305	0	0	2/4	4	1		V\\	G	i		V		V						\\	M	0	1	1, 5, 2		1	1
306	306	0	0	2/4	4	1		I	G	i		I		I							M	0	1	0, 4, 1		0	0
306	306	3/8	3/8	2/4	4	1		V6	G	i		V6		V		6					M	0	1	5, 2, 1		1	5
307	307	0	0	2/4	4	1		I	G	i		I		I							M	0	1	0, 4, 1		0	0
307	307	1/8	1/8	2/4	4	1		V6	G	i		V6		V		6					M	0	1	5, 2, 1		1	5
307	307	1/4	1/4	2/4	4	1		I	G	i		I		I							M	0	1	0, 4, 1		0	0
307	307	3/8	3/8	2/4	4	1		vi7	G	i		vi7		vi		7					mm7	0	1	-4, -7, -3, -6		-4	-4
308	308	0	0	2/4	4	1		IV	G	i		IV		IV							M	0	1	-1, 3, 0		-1	-1
308	308	1/8	1/8	2/4	4	1		ii	G	i		ii		ii							m	0	1	2, -1, 3		2	2
308	308	1/4	1/4	2/4	4	1		V7	G	i		V7		V		7					Mm7	0	1	1, 5, 2, -1		1	1
309	309	0	0	2/4	4	1		I\\	G	i		I		I						\\	M	0	1	0, 4, 1		0	0
312	312	0	0	2/4	4	1		viio6	G	i		viio6		vii	o	6					o	0	1	-5, -8, -2		-2	-5
313	313	0	0	2/4	4	1		V43	G	i		V43		V		43					Mm7	0	1	2, -1, 1, 5		1	2
314	314	0	0	2/4	4	1		I6	G	i		I6		I		6					M	0	1	4, 1, 0		0	4
316	316	0	0	2/4	4	1		IV	G	i		IV		IV							M	0	1	-1, 3, 0		-1	-1
318	318	0	0	2/4	4	1		V[viio6	G	i	V	viio6		vii	o	6					o	0	1	-5, -8, -2		-2	-5
319	319	0	0	2/4	4	1		I	G	i	V	I		I							M	0	1	0, 4, 1		0	0
320	320	0	0	2/4	4	1		V6	G	i	V	V6		V		6					M	0	1	5, 2, 1		1	5
321	321	0	0	2/4	4	1		I	G	i	V	I		I							M	0	1	0, 4, 1		0	0
321	321	1/4	1/4	2/4	4	1		IV6	G	i	V	IV6		IV		6					M	0	1	3, 0, -1		-1	3
322	322	0	0	2/4	4	1		V7]	G	i	V	V7		V		7					Mm7	0	1	1, 5, 2, -1		1	1
323	323	0	0	2/4	4	1		viio2	G	i		viio2		vii	o	2					o7	0	1	-11, -2, -5, -8		-2	-11
323	323	1/4	1/4	2/4	4	1		viio43	G	i		viio43		vii	o	43					o7	0	1	-8, -11, -2, -5		-2	-8
324	324	0	0	2/4	4	1		V7	G	i		V7		V		7					Mm7	0	1	1, 5, 2, -1		1	1
325	325	0	0	2/4	4	1		viio2	G	i		viio2		vii	o	2					o7	0	1	-11, -2, -5, -8		-2	-11
325	325	1/4	1/4	2/4	4	1		viio43	G	i		viio43		vii	o	43					o7	0	1	-8, -11, -2, -5		-2	-8
326	326	0	0	2/4	4	1		V	G	i		V		V							M	0	1	1, 5, 2		1	1
327	327	0	0	2/4	4	1		viio2	G	i		viio2		vii	o	2					o7	0	1	-11, -2, -5, -8		-2	-11
327	327	1/4	1/4	2/4	4	1		viio43	G	i		viio43		vii	o	43					o7	0	1	-8, -11, -2, -5		-2	-8
328	328	0	0	2/4	4	1		V7	G	i		V7		V		7					Mm7	0	1	1, 5, 2, -1		1	1
329	329	0	0	2/4	4	1		viio2	G	i		viio2		vii	o	2					o7	0	1	-11, -2, -5, -8		-2	-11
329	329	1/4	1/4	2/4	4	1		viio43	G	i		viio43		vii	o	43					o7	0	1	-8, -11, -2, -5		-2	-8
330	330	0	0	2/4	4	1		viio7/V	G	i		viio7/V		vii	o	7		V			o7	0	1	6, 3, 0, -3		6	6
332	332	0	0	2/4	4	1		V(64)	G	i		V(64)		V			64				M	0	1	1, 0, -3		1	1
333	333	0	0	2/4	4	1		V7	G	i		V7		V		7					Mm7	0	1	1, 5, 2, -1		1	1
335	335	0	0	2/4	4	1		viio2	G	i		viio2		vii	o	2					o7	0	1	-11, -2, -5, -8		-2	-11
335	335	1/4	1/4	2/4	4	1		viio43	G	i		viio43		vii	o	43					o7	0	1	-8, -11, -2, -5		-2	-8
336	336	0	0	2/4	4	1		V7	G	i		V7		V		7					Mm7	0	1	1, 5, 2, -1		1	1
337	337	0	0	2/4	4	1		viio2	G	i		viio2		vii	o	2					o7	0	1	-11, -2, -5, -8		-2	-11
337	337	1/4	1/4	2/4	4	1		viio43	G	i		viio43		vii	o	43					o7	0	1	-8, -11, -2, -5		-2	-8
338	338	0	0	2/4	4	1		V7	G	i		V7		V		7					Mm7	0	1	1, 5, 2, -1		1	1
339	339	0	0	2/4	4	1		viio2	G	i		viio2		vii	o	2					o7	0	1	-11, -2, -5, -8		-2	-11
339	339	1/4	1/4	2/4	4	1		viio43	G	i		viio43		vii	o	43					o7	0	1	-8, -11, -2, -5		-2	-8
340	340	0	0	2/4	4	1		V7	G	i		V7		V		7					Mm7	0	1	1, 5, 2, -1		1	1
340	340	1/4	1/4	2/4	4	1		viio2	G	i		viio2		vii	o	2					o7	0	1	-11, -2, -5, -8		-2	-11
341	341	0	0	2/4	4	1		bIII.viio	G	bIII		viio		vii	o						o	0	0	5, 2, -1		5	5
342	342	0	0	2/4	4	1		V[V65	G	bIII	V	V65		V		65					Mm7	0	0	5, 2, -1, 1		1	5
343	343	0	0	2/4	4	1		I	G	bIII	V	I		I							M	0	0	0, 4, 1		0	0
344	344	0	0	2/4	4	1		V43	G	bIII	V	V43		V		43					Mm7	0	0	2, -1, 1, 5		1	2
345	345	0	0	2/4	4	1		I	G	bIII	V	I		I							M	0	0	0, 4, 1		0	0
346	346	0	0	2/4	4	1		V65	G	bIII	V	V65		V		65					Mm7	0	0	5, 2, -1, 1		1	5
347	347	0	0	2/4	4	1		I	G	bIII	V	I		I							M	0	0	0, 4, 1		0	0
348	348	0	0	2/4	4	1		V43]	G	bIII	V	V43		V		43					Mm7	0	0	2, -1, 1, 5		1	2
349	349	0	0	2/4	4	1		I	G	bIII		I		I							M	0	0	0, 4, 1		0	0
350	350	0	0	2/4	4	1		I.Ger6	G	I		Ger6	Ger	vii	o	65	b3	V			Ger	0	0	-4, 0, -3, 6		6	-4
352	352	0	0	2/4	4	1		V(64)	G	I		V(64)		V			64				M	0	0	1, 0, 4		1	1
353	353	0	0	2/4	4	1		V7	G	I		V7		V		7					Mm7	0	0	1, 5, 2, -1		1	1
354	354	0	0	2/4	4	1		I\\	G	I		I		I						\\	M	0	0	0, 4, 1		0	0
354	354	1/4	1/4	2/4	4	1		I	G	I		I		I							M	0	0	0, 4, 1		0	0
355	355	0	0	2/4	4	1		#viio7/vi	G	I		#viio7/vi		#vii	o	7		vi			o7	0	0	8, 5, 2, -1		8	8
356	356	0	0	2/4	4	1		vi	G	I		vi		vi							m	0	0	3, 0, 4		3	3
356	356	1/4	1/4	2/4	4	1		V6/V	G	I		V6/V		V		6		V			M	0	0	6, 3, 2		2	6
357	357	0	0	2/4	4	1		V(64)	G	I		V(64)		V			64				M	0	0	1, 0, 4		1	1
357	357	1/4	1/4	2/4	4	1		V7	G	I		V7		V		7					Mm7	0	0	1, 5, 2, -1		1	1
358	358	0	0	2/4	4	1		I\\	G	I		I		I						\\	M	0	0	0, 4, 1		0	0
358	358	1/4	1/4	2/4	4	1		I[I	G	I	I	I		I							M	0	0	0, 4, 1		0	0
360	360	0	0	2/4	4	1		V2	G	I	I	V2		V		2					Mm7	0	0	-1, 1, 5, 2		1	-1
362	362	0	0	2/4	4	1		I6	G	I	I	I6		I		6					M	0	0	4, 1, 0		0	4
364	364	0	0	2/4	4	1		V43	G	I	I	V43		V		43					Mm7	0	0	2, -1, 1, 5		1	2
365	365	0	0	2/4	4	1		V65	G	I	I	V65		V		65					Mm7	0	0	5, 2, -1, 1		1	5
366	366	0	0	2/4	4	1		I	G	I	I	I		I							M	0	0	0, 4, 1		0	0
366	366	1/8	1/8	2/4	4	1		V2	G	I	I	V2		V		2					Mm7	0	0	-1, 1, 5, 2		1	-1
367	367	0	0	2/4	4	1		I6	G	I	I	I6		I		6					M	0	0	4, 1, 0		0	4
367	367	1/8	1/8	2/4	4	1		V2	G	I	I	V2		V		2					Mm7	0	0	-1, 1, 5, 2		1	-1
368	368	0	0	2/4	4	1		I6]	G	I	I	I6		I		6					M	0	0	4, 1, 0		0	4
368	368	1/8	1/8	2/4	4	1		V7	G	I		V7		V		7					Mm7	0	0	1, 5, 2, -1		1	1
369	369	0	0	2/4	4	1		I	G	I		I		I							M	0	0	0, 4, 1		0	0
369	369	1/8	1/8	2/4	4	1		V7	G	I		V7		V		7					Mm7	0	0	1, 5, 2, -1		1	1
370	370	0	0	2/4	4	1		I	G	I		I		I							M	0	0	0, 4, 1		0	0
371	371	0	0	2/4	4	1		I64	G	I		I64		I		64					M	0	0	1, 0, 4		0	1
372	372	0	0	2/4	4	1		I	G	I		I		I							M	0	0	0, 4, 1		0	0
373	373	0	0	2/4	4	1		I6	G	I		I6		I		6					M	0	0	4, 1, 0		0	4
374	374	0	0	2/4	4	1		I64	G	I		I64		I		64					M	0	0	1, 0, 4		0	1
375	375	0	0	2/4	4	1		I	G	I		I		I							M	0	0	0, 4, 1		0	0
386	386	0	0	2/4	4	1		V7/IV	G	I		V7/IV		V		7		IV			Mm7	0	0	0, 4, 1, -2		0	0
388	388	0	0	2/4	4	1		IV	G	I		IV		IV							M	0	0	-1, 3, 0		-1	-1
390	390	0	0	2/4	4	1		V7/IV	G	I		V7/IV		V		7		IV			Mm7	0	0	0, 4, 1, -2		0	0
390	390	1/8	1/8	2/4	4	1		IV	G	I		IV		IV							M	0	0	-1, 3, 0		-1	-1
390	390	1/4	1/4	2/4	4	1		V/IV	G	I		V/IV		V				IV			M	0	0	0, 4, 1		0	0
390	390	3/8	3/8	2/4	4	1		vi7	G	I		vi7		vi		7					mm7	0	0	3, 0, 4, 1		3	3
391	391	0	0	2/4	4	1		V/IV	G	I		V/IV		V				IV			M	0	0	0, 4, 1		0	0
392	392	0	0	2/4	4	1		IV	G	I		IV		IV							M	0	0	-1, 3, 0		-1	-1
394	394	0	0	2/4	4	1		V6	G	I		V6		V		6					M	0	0	5, 2, 1		1	5
395	395	0	0	2/4	4	1		V65	G	I		V65		V		65					Mm7	0	0	5, 2, -1, 1		1	5
396	396	0	0	2/4	4	1		I	G	I		I		I							M	0	0	0, 4, 1		0	0
398	398	0	0	2/4	4	1		V2	G	I		V2		V		2					Mm7	0	0	-1, 1, 5, 2		1	-1
399	399	0	0	2/4	4	1		V65	G	I		V65		V		65					Mm7	0	0	5, 2, -1, 1		1	5
400	400	0	0	2/4	4	1		V	G	I		V		V							M	0	0	1, 5, 2		1	1
401	401	0	0	2/4	4	1		V7	G	I		V7		V		7					Mm7	0	0	1, 5, 2, -1		1	1
402	402	0	0	2/4	4	1		I6	G	I		I6		I		6					M	0	0	4, 1, 0		0	4
402	402	1/8	1/8	2/4	4	1		vi	G	I		vi		vi							m	0	0	3, 0, 4		3	3
402	402	1/4	1/4	2/4	4	1		ii6	G	I		ii6		ii		6					m	0	0	-1, 3, 2		2	-1
402	402	3/8	3/8	2/4	4	1		V	G	I		V		V							M	0	0	1, 5, 2		1	1
403	403	0	0	2/4	4	1		I6	G	I		I6		I		6					M	0	0	4, 1, 0		0	4
403	403	1/8	1/8	2/4	4	1		vi	G	I		vi		vi							m	0	0	3, 0, 4		3	3
403	403	1/4	1/4	2/4	4	1		ii6	G	I		ii6		ii		6					m	0	0	-1, 3, 2		2	-1
403	403	3/8	3/8	2/4	4	1		V	G	I		V		V							M	0	0	1, 5, 2		1	1
404	404	0	0	2/4	4	1		I6	G	I		I6		I		6					M	0	0	4, 1, 0		0	4
404	404	1/8	1/8	2/4	4	1		vi	G	I		vi		vi							m	0	0	3, 0, 4		3	3
404	404	1/4	1/4	2/4	4	1		IV	G	I		IV		IV							M	0	0	-1, 3, 0		-1	-1
404	404	3/8	3/8	2/4	4	1		V	G	I		V		V							M	0	0	1, 5, 2		1	1
405	405	0	0	2/4	4	1		I6	G	I		I6		I		6					M	0	0	4, 1, 0		0	4
405	405	1/8	1/8	2/4	4	1		vi	G	I		vi		vi							m	0	0	3, 0, 4		3	3
405	405	1/4	1/4	2/4	4	1		IV	G	I		IV		IV							M	0	0	-1, 3, 0		-1	-1
405	405	3/8	3/8	2/4	4	1		V	G	I		V		V							M	0	0	1, 5, 2		1	1
406	406	0	0	2/4	4	1		I6	G	I		I6		I		6					M	0	0	4, 1, 0		0	4
406	406	1/8	1/8	2/4	4	1		vi	G	I		vi		vi							m	0	0	3, 0, 4		3	3
406	406	1/4	1/4	2/4	4	1		IV	G	I		IV		IV							M	0	0	-1, 3, 0		-1	-1
406	406	3/8	3/8	2/4	4	1		V	G	I		V		V							M	0	0	1, 5, 2		1	1
407	407	0	0	2/4	4	1		I6	G	I		I6		I		6					M	0	0	4, 1, 0		0	4
407	407	1/8	1/8	2/4	4	1		vi	G	I		vi		vi							m	0	0	3, 0, 4		3	3
407	407	1/4	1/4	2/4	4	1		IV	G	I		IV		IV							M	0	0	-1, 3, 0		-1	-1
407	407	3/8	3/8	2/4	4	1		V	G	I		V		V							M	0	0	1, 5, 2		1	1
408	408	0	0	2/4	4	1		I\\	G	I		I		I						\\	M	0	0	0, 4, 1		0	0
409	409	1/4	1/4	2/4	4	1		V7	G	I		V7		V		7					Mm7	0	0	1, 5, 2, -1		1	1
410	410	0	0	2/4	4	1		I	G	I		I		I							M	0	0	0, 4, 1		0	0
411	411	0	0	2/4	4	1		I	G	I		I		I							M	0	0	0, 4, 1		0	0
412	412	0	0	2/4	4	1		I\\	G	I		I		I						\\	M	0	0	0, 4, 1		0	0
