mc	mn	mc_onset	mn_onset	timesig	staff	voice	label	globalkey	localkey	pedal	chord	numeral	form	figbass	changes	relativeroot	cadence	phraseend	chord_type	globalkey_is_minor	localkey_is_minor	chord_tones	added_tones	root	bass_note
1	0	0	1/2	3/4	2	1	G.I{	G	I		I	I						{	M	0	0	0, 4, 1		0	0
3	2	0	0	3/4	2	1	V43	G	I		V43	V		43					Mm7	0	0	2, -1, 1, 5		1	2
4	3	0	0	3/4	2	1	V6	G	I		V6	V		6					M	0	0	5, 2, 1		1	5
4	3	1/2	1/2	3/4	2	1	V65	G	I		V65	V		65					Mm7	0	0	5, 2, -1, 1		1	5
5	4	0	0	3/4	2	1	I	G	I		I	I							M	0	0	0, 4, 1		0	0
6	5	0	0	3/4	2	1	IV(4)	G	I		IV(4)	IV			4				M	0	0	-1, 5, 0		-1	-1
6	5	1/8	1/8	3/4	2	1	IV	G	I		IV	IV							M	0	0	-1, 3, 0		-1	-1
7	6	0	0	3/4	2	1	I6(6)	G	I		I6(6)	I		6	6				M	0	0	4, 3, 0		0	4
7	6	1/8	1/8	3/4	2	1	I6	G	I		I6	I		6					M	0	0	4, 1, 0		0	4
8	7	0	0	3/4	2	1	V43	G	I		V43	V		43					Mm7	0	0	2, -1, 1, 5		1	2
8	7	1/4	1/4	3/4	2	1	I	G	I		I	I							M	0	0	0, 4, 1		0	0
8	7	1/2	1/2	3/4	2	1	V6	G	I		V6	V		6					M	0	0	5, 2, 1		1	5
9	8	0	0	3/4	2	1	I	G	I		I	I							M	0	0	0, 4, 1		0	0
9	8	1/2	1/2	3/4	2	1	IV6	G	I		IV6	IV		6					M	0	0	3, 0, -1		-1	3
10	9	1/4	1/4	3/4	2	1	V(64)	G	I		V(64)	V			64				M	0	0	1, 0, 4		1	1
10	9	1/2	1/2	3/4	2	1	V7	G	I		V7	V		7					Mm7	0	0	1, 5, 2, -1		1	1
11	10	0	0	3/4	2	1	I}	G	I		I	I						}	M	0	0	0, 4, 1		0	0
11	10	1/2	1/2	3/4	2	1	{	G	I									{		0	0				
12	11	0	0	3/4	2	1	IV(4)	G	I		IV(4)	IV			4				M	0	0	-1, 5, 0		-1	-1
12	11	1/8	1/8	3/4	2	1	IV	G	I		IV	IV							M	0	0	-1, 3, 0		-1	-1
13	12	0	0	3/4	2	1	I6(6)	G	I		I6(6)	I		6	6				M	0	0	4, 3, 0		0	4
13	12	1/8	1/8	3/4	2	1	I6	G	I		I6	I		6					M	0	0	4, 1, 0		0	4
14	13	0	0	3/4	2	1	V43	G	I		V43	V		43					Mm7	0	0	2, -1, 1, 5		1	2
14	13	1/4	1/4	3/4	2	1	I	G	I		I	I							M	0	0	0, 4, 1		0	0
14	13	1/2	1/2	3/4	2	1	V6	G	I		V6	V		6					M	0	0	5, 2, 1		1	5
15	14	0	0	3/4	2	1	I	G	I		I	I							M	0	0	0, 4, 1		0	0
15	14	1/2	1/2	3/4	2	1	IV6	G	I		IV6	IV		6					M	0	0	3, 0, -1		-1	3
16	15	1/4	1/4	3/4	2	1	V(64)	G	I		V(64)	V			64				M	0	0	1, 0, 4		1	1
16	15	1/2	1/2	3/4	2	1	V7	G	I		V7	V		7					Mm7	0	0	1, 5, 2, -1		1	1
17	16	0	0	3/4	2	1	I}	G	I		I	I						}	M	0	0	0, 4, 1		0	0
17	16	3/8	3/8	3/4	2	1	{	G	I									{		0	0				
18	17	0	0	3/4	2	1	IV	G	I		IV	IV							M	0	0	-1, 3, 0		-1	-1
18	17	3/8	3/8	3/4	2	1	ii	G	I		ii	ii							m	0	0	2, -1, 3		2	2
19	18	0	0	3/4	2	1	V	G	I		V	V							M	0	0	1, 5, 2		1	1
19	18	3/8	3/8	3/4	2	1	I6	G	I		I6	I		6					M	0	0	4, 1, 0		0	4
19	18	5/8	5/8	3/4	2	1	viio6/IV	G	I		viio6/IV	vii	o	6		IV			o	0	0	1, -2, 4		4	1
20	19	0	0	3/4	2	1	IV6	G	I		IV6	IV		6					M	0	0	3, 0, -1		-1	3
20	19	1/4	1/4	3/4	2	1	IV	G	I		IV	IV							M	0	0	-1, 3, 0		-1	-1
20	19	1/2	1/2	3/4	2	1	IV6	G	I		IV6	IV		6					M	0	0	3, 0, -1		-1	3
20	19	5/8	5/8	3/4	2	1	viio	G	I		viio	vii	o						o	0	0	5, 2, -1		5	5
21	20	0	0	3/4	2	1	I	G	I		I	I							M	0	0	0, 4, 1		0	0
21	20	1/4	1/4	3/4	2	1	vi	G	I		vi	vi							m	0	0	3, 0, 4		3	3
21	20	1/2	1/2	3/4	2	1	vi6	G	I		vi6	vi		6					m	0	0	0, 4, 3		3	0
22	21	0	0	3/4	2	1	I6	G	I		I6	I		6					M	0	0	4, 1, 0		0	4
22	21	1/4	1/4	3/4	2	1	I	G	I		I	I							M	0	0	0, 4, 1		0	0
22	21	1/2	1/2	3/4	2	1	I6	G	I		I6	I		6					M	0	0	4, 1, 0		0	4
22	21	5/8	5/8	3/4	2	1	viio/V	G	I		viio/V	vii	o			V			o	0	0	6, 3, 0		6	6
23	22	0	0	3/4	2	1	V}	G	I		V	V						}	M	0	0	1, 5, 2		1	1
24	23	0	0	3/4	2	1	V.I6{	G	V		I6	I		6				{	M	0	0	4, 1, 0		0	4
24	23	1/4	1/4	3/4	2	1	V43	G	V		V43	V		43					Mm7	0	0	2, -1, 1, 5		1	2
24	23	1/2	1/2	3/4	2	1	I(4)	G	V		I(4)	I			4				M	0	0	0, -1, 1		0	0
24	23	5/8	5/8	3/4	2	1	I	G	V		I	I							M	0	0	0, 4, 1		0	0
25	24	0	0	3/4	2	1	V6(6)	G	V		V6(6)	V		6	6				M	0	0	5, 4, 1		1	5
25	24	1/8	1/8	3/4	2	1	V6	G	V		V6	V		6					M	0	0	5, 2, 1		1	5
25	24	1/4	1/4	3/4	2	1	vi7(4)	G	V		vi7(4)	vi		7	4				mm7	0	0	3, 2, 4, 1		3	3
25	24	3/8	3/8	3/4	2	1	vi7	G	V		vi7	vi		7					mm7	0	0	3, 0, 4, 1		3	3
25	24	1/2	1/2	3/4	2	1	V(4)	G	V		V(4)	V			4				M	0	0	1, 0, 2		1	1
25	24	5/8	5/8	3/4	2	1	V	G	V		V	V							M	0	0	1, 5, 2		1	1
26	25	0	0	3/4	2	1	vi7(4)	G	V		vi7(4)	vi		7	4				mm7	0	0	3, 2, 4, 1		3	3
26	25	1/16	1/16	3/4	2	1	vi7	G	V		vi7	vi		7					mm7	0	0	3, 0, 4, 1		3	3
26	25	1/4	1/4	3/4	2	1	V6(6)	G	V		V6(6)	V		6	6				M	0	0	5, 4, 1		1	5
26	25	5/16	5/16	3/4	2	1	V6	G	V		V6	V		6					M	0	0	5, 2, 1		1	5
26	25	1/2	1/2	3/4	2	1	I(4)	G	V		I(4)	I			4				M	0	0	0, -1, 1		0	0
26	25	9/16	9/16	3/4	2	1	I	G	V		I	I							M	0	0	0, 4, 1		0	0
27	26	0	0	3/4	2	1	V43	G	V		V43	V		43					Mm7	0	0	2, -1, 1, 5		1	2
27	26	1/4	1/4	3/4	2	1	V6	G	V		V6	V		6					M	0	0	5, 2, 1		1	5
27	26	1/2	1/2	3/4	2	1	V	G	V		V	V							M	0	0	1, 5, 2		1	1
28	27	0	0	3/4	2	1	I6	G	V		I6	I		6					M	0	0	4, 1, 0		0	4
28	27	1/4	1/4	3/4	2	1	V43	G	V		V43	V		43					Mm7	0	0	2, -1, 1, 5		1	2
28	27	1/2	1/2	3/4	2	1	I	G	V		I	I							M	0	0	0, 4, 1		0	0
29	28	0	0	3/4	2	1	V6	G	V		V6	V		6					M	0	0	5, 2, 1		1	5
29	28	1/4	1/4	3/4	2	1	vi7	G	V		vi7	vi		7					mm7	0	0	3, 0, 4, 1		3	3
29	28	1/2	1/2	3/4	2	1	V	G	V		V	V							M	0	0	1, 5, 2		1	1
30	29	0	0	3/4	2	1	vi7	G	V		vi7	vi		7					mm7	0	0	3, 0, 4, 1		3	3
30	29	1/4	1/4	3/4	2	1	V65	G	V		V65	V		65					Mm7	0	0	5, 2, -1, 1		1	5
30	29	1/2	1/2	3/4	2	1	I	G	V		I	I							M	0	0	0, 4, 1		0	0
31	30	0	0	3/4	2	1	V43	G	V		V43	V		43					Mm7	0	0	2, -1, 1, 5		1	2
31	30	1/4	1/4	3/4	2	1	V6	G	V		V6	V		6					M	0	0	5, 2, 1		1	5
31	30	1/2	1/2	3/4	2	1	V	G	V		V	V							M	0	0	1, 5, 2		1	1
32	31	0	0	3/4	2	1	I}{	G	V		I	I						}{	M	0	0	0, 4, 1		0	0
32	31	1/2	1/2	3/4	2	1	viio	G	V		viio	vii	o						o	0	0	5, 2, -1		5	5
32	31	5/8	5/8	3/4	2	1	I	G	V		I	I							M	0	0	0, 4, 1		0	0
33	32	1/2	1/2	3/4	2	1	vii%7	G	V		vii%7	vii	%	7					%7	0	0	5, 2, -1, 3		5	5
33	32	5/8	5/8	3/4	2	1	I	G	V		I	I							M	0	0	0, 4, 1		0	0
34	33	1/2	1/2	3/4	2	1	viio/V	G	V		viio/V	vii	o			V			o	0	0	6, 3, 0		6	6
34	33	5/8	5/8	3/4	2	1	V	G	V		V	V							M	0	0	1, 5, 2		1	1
35	34	0	0	3/4	2	1	viio/IV	G	V		viio/IV	vii	o			IV			o	0	0	4, 1, -2		4	4
35	34	1/8	1/8	3/4	2	1	IV	G	V		IV	IV							M	0	0	-1, 3, 0		-1	-1
35	34	1/4	1/4	3/4	2	1	viio43/V	G	V		viio43/V	vii	o	43		V			o7	0	0	0, -3, 6, 3		6	0
35	34	3/8	3/8	3/4	2	1	V6	G	V		V6	V		6					M	0	0	5, 2, 1		1	5
35	34	1/2	1/2	3/4	2	1	viio43/IV	G	V		viio43/IV	vii	o	43		IV			o7	0	0	-2, -5, 4, 1		4	-2
35	34	5/8	5/8	3/4	2	1	IV6	G	V		IV6	IV		6					M	0	0	3, 0, -1		-1	3
36	35	0	0	3/4	2	1	V7	G	V		V7	V		7					Mm7	0	0	1, 5, 2, -1		1	1
36	35	1/2	1/2	3/4	2	1	V2	G	V		V2	V		2					Mm7	0	0	-1, 1, 5, 2		1	-1
37	36	0	0	3/4	2	1	I6	G	V		I6	I		6					M	0	0	4, 1, 0		0	4
38	37	0	0	3/4	2	1	ii6	G	V		ii6	ii		6					m	0	0	-1, 3, 2		2	-1
38	37	1/4	1/4	3/4	2	1	V(64)	G	V		V(64)	V			64				M	0	0	1, 0, 4		1	1
38	37	1/2	1/2	3/4	2	1	V7	G	V		V7	V		7					Mm7	0	0	1, 5, 2, -1		1	1
39	38	0	0	3/4	2	1	I}{	G	V		I	I						}{	M	0	0	0, 4, 1		0	0
39	38	1/2	1/2	3/4	2	1	viio/V	G	V		viio/V	vii	o			V			o	0	0	6, 3, 0		6	6
39	38	5/8	5/8	3/4	2	1	V	G	V		V	V							M	0	0	1, 5, 2		1	1
40	39	0	0	3/4	2	1	viio/IV	G	V		viio/IV	vii	o			IV			o	0	0	4, 1, -2		4	4
40	39	1/8	1/8	3/4	2	1	IV	G	V		IV	IV							M	0	0	-1, 3, 0		-1	-1
40	39	1/4	1/4	3/4	2	1	viio43/V	G	V		viio43/V	vii	o	43		V			o7	0	0	0, -3, 6, 3		6	0
40	39	3/8	3/8	3/4	2	1	V6	G	V		V6	V		6					M	0	0	5, 2, 1		1	5
40	39	1/2	1/2	3/4	2	1	viio43/IV	G	V		viio43/IV	vii	o	43		IV			o7	0	0	-2, -5, 4, 1		4	-2
40	39	5/8	5/8	3/4	2	1	IV6	G	V		IV6	IV		6					M	0	0	3, 0, -1		-1	3
41	40	0	0	3/4	2	1	V7	G	V		V7	V		7					Mm7	0	0	1, 5, 2, -1		1	1
41	40	1/2	1/2	3/4	2	1	V2	G	V		V2	V		2					Mm7	0	0	-1, 1, 5, 2		1	-1
42	41	0	0	3/4	2	1	I6	G	V		I6	I		6					M	0	0	4, 1, 0		0	4
43	42	0	0	3/4	2	1	ii6	G	V		ii6	ii		6					m	0	0	-1, 3, 2		2	-1
43	42	1/4	1/4	3/4	2	1	V(64)	G	V		V(64)	V			64				M	0	0	1, 0, 4		1	1
43	42	1/2	1/2	3/4	2	1	V7	G	V		V7	V		7					Mm7	0	0	1, 5, 2, -1		1	1
44	43	0	0	3/4	2	1	I}{	G	V		I	I						}{	M	0	0	0, 4, 1		0	0
44	43	3/8	3/8	3/4	2	1	iii6	G	V		iii6	iii		6					m	0	0	1, 5, 4		4	1
44	43	1/2	1/2	3/4	2	1	IV6	G	V		IV6	IV		6					M	0	0	3, 0, -1		-1	3
44	43	5/8	5/8	3/4	2	1	viio	G	V		viio	vii	o						o	0	0	5, 2, -1		5	5
45	44	0	0	3/4	2	1	I	G	V		I	I							M	0	0	0, 4, 1		0	0
45	44	3/8	3/8	3/4	2	1	iii6	G	V		iii6	iii		6					m	0	0	1, 5, 4		4	1
45	44	1/2	1/2	3/4	2	1	IV6	G	V		IV6	IV		6					M	0	0	3, 0, -1		-1	3
45	44	5/8	5/8	3/4	2	1	viio	G	V		viio	vii	o						o	0	0	5, 2, -1		5	5
46	45	0	0	3/4	2	1	I	G	V		I	I							M	0	0	0, 4, 1		0	0
46	45	1/8	1/8	3/4	2	1	vi6	G	V		vi6	vi		6					m	0	0	0, 4, 3		3	0
46	45	1/4	1/4	3/4	2	1	V6(2)	G	V		V6(2)	V		6	2				M	0	0	5, 2, 3		1	5
46	45	3/8	3/8	3/4	2	1	V6	G	V		V6	V		6					M	0	0	5, 2, 1		1	5
46	45	1/2	1/2	3/4	2	1	IV6(2)	G	V		IV6(2)	IV		6	2				M	0	0	3, 0, 1		-1	3
46	45	5/8	5/8	3/4	2	1	IV6	G	V		IV6	IV		6					M	0	0	3, 0, -1		-1	3
47	46	0	0	3/4	2	1	iii6(2)	G	V		iii6(2)	iii		6	2				m	0	0	1, 5, -1		4	1
47	46	1/8	1/8	3/4	2	1	iii6	G	V		iii6	iii		6					m	0	0	1, 5, 4		4	1
47	46	1/4	1/4	3/4	2	1	ii6(2)	G	V		ii6(2)	ii		6	2				m	0	0	-1, 3, 4		2	-1
47	46	3/8	3/8	3/4	2	1	ii6	G	V		ii6	ii		6					m	0	0	-1, 3, 2		2	-1
47	46	1/2	1/2	3/4	2	1	I6(2)	G	V		I6(2)	I		6	2				M	0	0	4, 1, 2		0	4
47	46	5/8	5/8	3/4	2	1	I6	G	V		I6	I		6					M	0	0	4, 1, 0		0	4
48	47	0	0	3/4	2	1	ii6(#7)	G	V		ii6(#7)	ii		6	#7				m	0	0	-1, 3, 7		2	-1
48	47	1/8	1/8	3/4	2	1	ii6	G	V		ii6	ii		6					m	0	0	-1, 3, 2		2	-1
48	47	1/4	1/4	3/4	2	1	ii	G	V		ii	ii							m	0	0	2, -1, 3		2	2
48	47	1/2	1/2	3/4	2	1	V7	G	V		V7	V		7					Mm7	0	0	1, 5, 2, -1		1	1
49	48	0	0	3/4	2	1	I}{	G	V		I	I						}{	M	0	0	0, 4, 1		0	0
49	48	3/16	3/16	3/4	2	1	vi6	G	V		vi6	vi		6					m	0	0	0, 4, 3		3	0
49	48	1/4	1/4	3/4	2	1	V6(2)	G	V		V6(2)	V		6	2				M	0	0	5, 2, 3		1	5
49	48	7/16	7/16	3/4	2	1	V6	G	V		V6	V		6					M	0	0	5, 2, 1		1	5
49	48	1/2	1/2	3/4	2	1	IV6(2)	G	V		IV6(2)	IV		6	2				M	0	0	3, 0, 1		-1	3
49	48	11/16	11/16	3/4	2	1	IV6	G	V		IV6	IV		6					M	0	0	3, 0, -1		-1	3
50	49	0	0	3/4	2	1	iii6(2)	G	V		iii6(2)	iii		6	2				m	0	0	1, 5, -1		4	1
50	49	3/16	3/16	3/4	2	1	iii6	G	V		iii6	iii		6					m	0	0	1, 5, 4		4	1
50	49	1/4	1/4	3/4	2	1	ii6(2)	G	V		ii6(2)	ii		6	2				m	0	0	-1, 3, 4		2	-1
50	49	7/16	7/16	3/4	2	1	ii6	G	V		ii6	ii		6					m	0	0	-1, 3, 2		2	-1
50	49	1/2	1/2	3/4	2	1	I6(2)	G	V		I6(2)	I		6	2				M	0	0	4, 1, 2		0	4
50	49	11/16	11/16	3/4	2	1	I6	G	V		I6	I		6					M	0	0	4, 1, 0		0	4
51	50	0	0	3/4	2	1	ii6	G	V		ii6	ii		6					m	0	0	-1, 3, 2		2	-1
51	50	1/4	1/4	3/4	2	1	V(64)	G	V		V(64)	V			64				M	0	0	1, 0, 4		1	1
51	50	1/2	1/2	3/4	2	1	V7	G	V		V7	V		7					Mm7	0	0	1, 5, 2, -1		1	1
52	51	0	0	3/4	2	1	I[I}	G	V	I	I	I						}	M	0	0	0, 4, 1		0	0
52	51	3/8	3/8	3/4	2	1	V7/IV	G	V	I	V7/IV	V		7		IV			Mm7	0	0	0, 4, 1, -2		0	0
52	51	1/2	1/2	3/4	2	1	IV64	G	V	I	IV64	IV		64					M	0	0	0, -1, 3		-1	0
52	51	5/8	5/8	3/4	2	1	viio6	G	V	I	viio6	vii	o	6					o	0	0	2, -1, 5		5	2
53	52	0	0	3/4	2	1	I	G	V	I	I	I							M	0	0	0, 4, 1		0	0
53	52	3/8	3/8	3/4	2	1	V7/IV	G	V	I	V7/IV	V		7		IV			Mm7	0	0	0, 4, 1, -2		0	0
53	52	1/2	1/2	3/4	2	1	IV64	G	V	I	IV64	IV		64					M	0	0	0, -1, 3		-1	0
53	52	5/8	5/8	3/4	2	1	viio6	G	V	I	viio6	vii	o	6					o	0	0	2, -1, 5		5	2
54	53	0	0	3/4	2	1	I]	G	V	I	I	I							M	0	0	0, 4, 1		0	0
56	54	0	0	3/4	2	1	{	G	V									{		0	0				
57	55	0	0	3/4	2	1	viio6	G	V		viio6	vii	o	6					o	0	0	2, -1, 5		5	2
58	56	0	0	3/4	2	1	I6	G	V		I6	I		6					M	0	0	4, 1, 0		0	4
59	57	0	0	3/4	2	1	ii6	G	V		ii6	ii		6					m	0	0	-1, 3, 2		2	-1
59	57	1/2	1/2	3/4	2	1	V	G	V		V	V							M	0	0	1, 5, 2		1	1
60	58	0	0	3/4	2	1	I	G	V		I	I							M	0	0	0, 4, 1		0	0
61	59	1/4	1/4	3/4	2	1	viio6(2)	G	V		viio6(2)	vii	o	6	2				o	0	0	2, -1, 0		5	2
61	59	1/2	1/2	3/4	2	1	viio6	G	V		viio6	vii	o	6					o	0	0	2, -1, 5		5	2
62	60	1/4	1/4	3/4	2	1	I6	G	V		I6	I		6					M	0	0	4, 1, 0		0	4
63	61	0	0	3/4	2	1	ii6	G	V		ii6	ii		6					m	0	0	-1, 3, 2		2	-1
63	61	1/2	1/2	3/4	2	1	V	G	V		V	V							M	0	0	1, 5, 2		1	1
64	62	0	0	3/4	2	1	I}{	G	V		I	I						}{	M	0	0	0, 4, 1		0	0
65	63	0	0	3/4	2	1	I.V[I	G	I	V	I	I							M	0	0	0, 4, 1		0	0
66	64	0	0	3/4	2	1	V7	G	I	V	V7	V		7					Mm7	0	0	1, 5, 2, -1		1	1
68	66	0	0	3/4	2	1	I	G	I	V	I	I							M	0	0	0, 4, 1		0	0
69	67	0	0	3/4	2	1	I6	G	I	V	I6	I		6					M	0	0	4, 1, 0		0	4
69	67	1/2	1/2	3/4	2	1	V7	G	I	V	V7	V		7					Mm7	0	0	1, 5, 2, -1		1	1
70	68	0	0	3/4	2	1	V]}	G	I	V	V	V						}	M	0	0	1, 5, 2		1	1
72	70	0	0	3/4	2	1	V7	G	I		V7	V		7					Mm7	0	0	1, 5, 2, -1		1	1
73	71	1/2	1/2	3/4	2	1	{	G	I									{		0	0				
74	72	0	0	3/4	2	1	I	G	I		I	I							M	0	0	0, 4, 1		0	0
75	73	0	0	3/4	2	1	V43	G	I		V43	V		43					Mm7	0	0	2, -1, 1, 5		1	2
76	74	0	0	3/4	2	1	V65	G	I		V65	V		65					Mm7	0	0	5, 2, -1, 1		1	5
77	75	0	0	3/4	2	1	I	G	I		I	I							M	0	0	0, 4, 1		0	0
77	75	3/8	3/8	3/4	2	1	V6/ii	G	I		V6/ii	V		6		ii			M	0	0	7, 4, 3		3	7
77	75	1/2	1/2	3/4	2	1	ii	G	I		ii	ii							m	0	0	2, -1, 3		2	2
79	77	0	0	3/4	2	1	V43/ii	G	I		V43/ii	V		43		ii			Mm7	0	0	4, 1, 3, 7		3	4
80	78	0	0	3/4	2	1	V65/ii	G	I		V65/ii	V		65		ii			Mm7	0	0	7, 4, 1, 3		3	7
81	79	0	0	3/4	2	1	ii	G	I		ii	ii							m	0	0	2, -1, 3		2	2
82	80	0	0	3/4	2	1	IV.IV6	G	IV		IV6	IV		6					M	0	0	3, 0, -1		-1	3
82	80	1/2	1/2	3/4	2	1	V65	G	IV		V65	V		65					Mm7	0	0	5, 2, -1, 1		1	5
83	81	0	0	3/4	2	1	I(#2)	G	IV		I(#2)	I			#2				M	0	0	0, 9, 1		0	0
83	81	1/4	1/4	3/4	2	1	I	G	IV		I	I							M	0	0	0, 4, 1		0	0
83	81	1/2	1/2	3/4	2	1	I6	G	IV		I6	I		6					M	0	0	4, 1, 0		0	4
84	82	0	0	3/4	2	1	I	G	IV		I	I							M	0	0	0, 4, 1		0	0
85	83	0	0	3/4	2	1	V6	G	IV		V6	V		6					M	0	0	5, 2, 1		1	5
86	84	0	0	3/4	2	1	I	G	IV		I	I							M	0	0	0, 4, 1		0	0
86	84	3/8	3/8	3/4	2	1	vi	G	IV		vi	vi							m	0	0	3, 0, 4		3	3
87	85	0	0	3/4	2	1	ii	G	IV		ii	ii							m	0	0	2, -1, 3		2	2
87	85	3/8	3/8	3/4	2	1	viio	G	IV		viio	vii	o						o	0	0	5, 2, -1		5	5
87	85	5/8	5/8	3/4	2	1	viio6	G	IV		viio6	vii	o	6					o	0	0	2, -1, 5		5	2
88	86	0	0	3/4	2	1	I6	G	IV		I6	I		6					M	0	0	4, 1, 0		0	4
88	86	1/4	1/4	3/4	2	1	I	G	IV		I	I							M	0	0	0, 4, 1		0	0
88	86	1/2	1/2	3/4	2	1	I6	G	IV		I6	I		6					M	0	0	4, 1, 0		0	4
88	86	5/8	5/8	3/4	2	1	I.viio	G	I		viio	vii	o						o	0	0	5, 2, -1		5	5
89	87	0	0	3/4	2	1	I	G	I		I	I							M	0	0	0, 4, 1		0	0
89	87	1/4	1/4	3/4	2	1	vi	G	I		vi	vi							m	0	0	3, 0, 4		3	3
89	87	1/2	1/2	3/4	2	1	vi6	G	I		vi6	vi		6					m	0	0	0, 4, 3		3	0
90	88	0	0	3/4	2	1	I6	G	I		I6	I		6					M	0	0	4, 1, 0		0	4
90	88	1/4	1/4	3/4	2	1	I	G	I		I	I							M	0	0	0, 4, 1		0	0
90	88	1/2	1/2	3/4	2	1	I6	G	I		I6	I		6					M	0	0	4, 1, 0		0	4
90	88	5/8	5/8	3/4	2	1	viio/V	G	I		viio/V	vii	o			V			o	0	0	6, 3, 0		6	6
91	89	0	0	3/4	2	1	V}	G	I		V	V						}	M	0	0	1, 5, 2		1	1
92	90	0	0	3/4	2	1	I6{	G	I		I6	I		6				{	M	0	0	4, 1, 0		0	4
92	90	1/4	1/4	3/4	2	1	V43	G	I		V43	V		43					Mm7	0	0	2, -1, 1, 5		1	2
92	90	1/2	1/2	3/4	2	1	I(4)	G	I		I(4)	I			4				M	0	0	0, -1, 1		0	0
92	90	5/8	5/8	3/4	2	1	I	G	I		I	I							M	0	0	0, 4, 1		0	0
93	91	0	0	3/4	2	1	V6(6)	G	I		V6(6)	V		6	6				M	0	0	5, 4, 1		1	5
93	91	1/8	1/8	3/4	2	1	V6	G	I		V6	V		6					M	0	0	5, 2, 1		1	5
93	91	1/4	1/4	3/4	2	1	vi7(4)	G	I		vi7(4)	vi		7	4				mm7	0	0	3, 2, 4, 1		3	3
93	91	3/8	3/8	3/4	2	1	vi7	G	I		vi7	vi		7					mm7	0	0	3, 0, 4, 1		3	3
93	91	1/2	1/2	3/4	2	1	V(4)	G	I		V(4)	V			4				M	0	0	1, 0, 2		1	1
93	91	5/8	5/8	3/4	2	1	V	G	I		V	V							M	0	0	1, 5, 2		1	1
94	92	0	0	3/4	2	1	vi7(4)	G	I		vi7(4)	vi		7	4				mm7	0	0	3, 2, 4, 1		3	3
94	92	1/16	1/16	3/4	2	1	vi7	G	I		vi7	vi		7					mm7	0	0	3, 0, 4, 1		3	3
94	92	1/4	1/4	3/4	2	1	V6(6)	G	I		V6(6)	V		6	6				M	0	0	5, 4, 1		1	5
94	92	5/16	5/16	3/4	2	1	V6	G	I		V6	V		6					M	0	0	5, 2, 1		1	5
94	92	1/2	1/2	3/4	2	1	I(4)	G	I		I(4)	I			4				M	0	0	0, -1, 1		0	0
94	92	9/16	9/16	3/4	2	1	I	G	I		I	I							M	0	0	0, 4, 1		0	0
95	93	0	0	3/4	2	1	V43	G	I		V43	V		43					Mm7	0	0	2, -1, 1, 5		1	2
95	93	1/4	1/4	3/4	2	1	V6	G	I		V6	V		6					M	0	0	5, 2, 1		1	5
95	93	1/2	1/2	3/4	2	1	V	G	I		V	V							M	0	0	1, 5, 2		1	1
96	94	0	0	3/4	2	1	I6	G	I		I6	I		6					M	0	0	4, 1, 0		0	4
96	94	1/4	1/4	3/4	2	1	V43	G	I		V43	V		43					Mm7	0	0	2, -1, 1, 5		1	2
96	94	1/2	1/2	3/4	2	1	I	G	I		I	I							M	0	0	0, 4, 1		0	0
97	95	0	0	3/4	2	1	V6	G	I		V6	V		6					M	0	0	5, 2, 1		1	5
97	95	1/4	1/4	3/4	2	1	vi7	G	I		vi7	vi		7					mm7	0	0	3, 0, 4, 1		3	3
97	95	1/2	1/2	3/4	2	1	V	G	I		V	V							M	0	0	1, 5, 2		1	1
98	96	0	0	3/4	2	1	vi7	G	I		vi7	vi		7					mm7	0	0	3, 0, 4, 1		3	3
98	96	1/4	1/4	3/4	2	1	V65	G	I		V65	V		65					Mm7	0	0	5, 2, -1, 1		1	5
98	96	1/2	1/2	3/4	2	1	I	G	I		I	I							M	0	0	0, 4, 1		0	0
99	97	0	0	3/4	2	1	V43	G	I		V43	V		43					Mm7	0	0	2, -1, 1, 5		1	2
99	97	1/4	1/4	3/4	2	1	V6	G	I		V6	V		6					M	0	0	5, 2, 1		1	5
99	97	1/2	1/2	3/4	2	1	V	G	I		V	V							M	0	0	1, 5, 2		1	1
100	98	0	0	3/4	2	1	I}{	G	I		I	I						}{	M	0	0	0, 4, 1		0	0
100	98	1/2	1/2	3/4	2	1	viio	G	I		viio	vii	o						o	0	0	5, 2, -1		5	5
100	98	5/8	5/8	3/4	2	1	I	G	I		I	I							M	0	0	0, 4, 1		0	0
101	99	1/2	1/2	3/4	2	1	vii%7	G	I		vii%7	vii	%	7					%7	0	0	5, 2, -1, 3		5	5
101	99	5/8	5/8	3/4	2	1	I	G	I		I	I							M	0	0	0, 4, 1		0	0
102	100	1/2	1/2	3/4	2	1	viio/V	G	I		viio/V	vii	o			V			o	0	0	6, 3, 0		6	6
102	100	5/8	5/8	3/4	2	1	V	G	I		V	V							M	0	0	1, 5, 2		1	1
103	101	0	0	3/4	2	1	viio/IV	G	I		viio/IV	vii	o			IV			o	0	0	4, 1, -2		4	4
103	101	1/8	1/8	3/4	2	1	IV	G	I		IV	IV							M	0	0	-1, 3, 0		-1	-1
103	101	1/4	1/4	3/4	2	1	viio43/V	G	I		viio43/V	vii	o	43		V			o7	0	0	0, -3, 6, 3		6	0
103	101	3/8	3/8	3/4	2	1	V6	G	I		V6	V		6					M	0	0	5, 2, 1		1	5
103	101	1/2	1/2	3/4	2	1	viio43/IV	G	I		viio43/IV	vii	o	43		IV			o7	0	0	-2, -5, 4, 1		4	-2
103	101	5/8	5/8	3/4	2	1	IV6	G	I		IV6	IV		6					M	0	0	3, 0, -1		-1	3
104	102	0	0	3/4	2	1	V7	G	I		V7	V		7					Mm7	0	0	1, 5, 2, -1		1	1
104	102	1/2	1/2	3/4	2	1	V2	G	I		V2	V		2					Mm7	0	0	-1, 1, 5, 2		1	-1
105	103	0	0	3/4	2	1	I6	G	I		I6	I		6					M	0	0	4, 1, 0		0	4
106	104	0	0	3/4	2	1	ii6	G	I		ii6	ii		6					m	0	0	-1, 3, 2		2	-1
106	104	1/4	1/4	3/4	2	1	V(64)	G	I		V(64)	V			64				M	0	0	1, 0, 4		1	1
106	104	1/2	1/2	3/4	2	1	V7	G	I		V7	V		7					Mm7	0	0	1, 5, 2, -1		1	1
107	105	0	0	3/4	2	1	I}{	G	I		I	I						}{	M	0	0	0, 4, 1		0	0
107	105	1/2	1/2	3/4	2	1	viio/V	G	I		viio/V	vii	o			V			o	0	0	6, 3, 0		6	6
107	105	5/8	5/8	3/4	2	1	V	G	I		V	V							M	0	0	1, 5, 2		1	1
108	106	0	0	3/4	2	1	viio/IV	G	I		viio/IV	vii	o			IV			o	0	0	4, 1, -2		4	4
108	106	1/8	1/8	3/4	2	1	IV	G	I		IV	IV							M	0	0	-1, 3, 0		-1	-1
108	106	1/4	1/4	3/4	2	1	viio43/V	G	I		viio43/V	vii	o	43		V			o7	0	0	0, -3, 6, 3		6	0
108	106	3/8	3/8	3/4	2	1	V6	G	I		V6	V		6					M	0	0	5, 2, 1		1	5
108	106	1/2	1/2	3/4	2	1	viio43/IV	G	I		viio43/IV	vii	o	43		IV			o7	0	0	-2, -5, 4, 1		4	-2
108	106	5/8	5/8	3/4	2	1	IV6	G	I		IV6	IV		6					M	0	0	3, 0, -1		-1	3
109	107	0	0	3/4	2	1	V7	G	I		V7	V		7					Mm7	0	0	1, 5, 2, -1		1	1
109	107	1/2	1/2	3/4	2	1	V2	G	I		V2	V		2					Mm7	0	0	-1, 1, 5, 2		1	-1
110	108	0	0	3/4	2	1	I6	G	I		I6	I		6					M	0	0	4, 1, 0		0	4
111	109	0	0	3/4	2	1	ii6	G	I		ii6	ii		6					m	0	0	-1, 3, 2		2	-1
111	109	1/4	1/4	3/4	2	1	V(64)	G	I		V(64)	V			64				M	0	0	1, 0, 4		1	1
111	109	1/2	1/2	3/4	2	1	V7	G	I		V7	V		7					Mm7	0	0	1, 5, 2, -1		1	1
112	110	0	0	3/4	2	1	I}{	G	I		I	I						}{	M	0	0	0, 4, 1		0	0
112	110	1/2	1/2	3/4	2	1	IV6	G	I		IV6	IV		6					M	0	0	3, 0, -1		-1	3
112	110	5/8	5/8	3/4	2	1	viio	G	I		viio	vii	o						o	0	0	5, 2, -1		5	5
113	111	0	0	3/4	2	1	I	G	I		I	I							M	0	0	0, 4, 1		0	0
113	111	1/2	1/2	3/4	2	1	IV6	G	I		IV6	IV		6					M	0	0	3, 0, -1		-1	3
113	111	5/8	5/8	3/4	2	1	viio	G	I		viio	vii	o						o	0	0	5, 2, -1		5	5
114	112	0	0	3/4	2	1	I	G	I		I	I							M	0	0	0, 4, 1		0	0
114	112	1/8	1/8	3/4	2	1	vi6	G	I		vi6	vi		6					m	0	0	0, 4, 3		3	0
114	112	1/4	1/4	3/4	2	1	V6(2)	G	I		V6(2)	V		6	2				M	0	0	5, 2, 3		1	5
114	112	3/8	3/8	3/4	2	1	V6	G	I		V6	V		6					M	0	0	5, 2, 1		1	5
114	112	1/2	1/2	3/4	2	1	IV6(2)	G	I		IV6(2)	IV		6	2				M	0	0	3, 0, 1		-1	3
114	112	5/8	5/8	3/4	2	1	IV6	G	I		IV6	IV		6					M	0	0	3, 0, -1		-1	3
115	113	0	0	3/4	2	1	iii6(2)	G	I		iii6(2)	iii		6	2				m	0	0	1, 5, -1		4	1
115	113	1/8	1/8	3/4	2	1	iii6	G	I		iii6	iii		6					m	0	0	1, 5, 4		4	1
115	113	1/4	1/4	3/4	2	1	ii6(2)	G	I		ii6(2)	ii		6	2				m	0	0	-1, 3, 4		2	-1
115	113	3/8	3/8	3/4	2	1	ii6	G	I		ii6	ii		6					m	0	0	-1, 3, 2		2	-1
115	113	1/2	1/2	3/4	2	1	I6(2)	G	I		I6(2)	I		6	2				M	0	0	4, 1, 2		0	4
115	113	5/8	5/8	3/4	2	1	I6	G	I		I6	I		6					M	0	0	4, 1, 0		0	4
116	114	0	0	3/4	2	1	ii6(#7)	G	I		ii6(#7)	ii		6	#7				m	0	0	-1, 3, 7		2	-1
116	114	1/8	1/8	3/4	2	1	ii6	G	I		ii6	ii		6					m	0	0	-1, 3, 2		2	-1
116	114	1/4	1/4	3/4	2	1	ii	G	I		ii	ii							m	0	0	2, -1, 3		2	2
116	114	1/2	1/2	3/4	2	1	V(64)	G	I		V(64)	V			64				M	0	0	1, 0, 4		1	1
116	114	5/8	5/8	3/4	2	1	V	G	I		V	V							M	0	0	1, 5, 2		1	1
117	115	0	0	3/4	2	1	I	G	I		I	I							M	0	0	0, 4, 1		0	0
117	115	3/16	3/16	3/4	2	1	vi6	G	I		vi6	vi		6					m	0	0	0, 4, 3		3	0
117	115	1/4	1/4	3/4	2	1	V6(2)	G	I		V6(2)	V		6	2				M	0	0	5, 2, 3		1	5
117	115	7/16	7/16	3/4	2	1	V6	G	I		V6	V		6					M	0	0	5, 2, 1		1	5
117	115	1/2	1/2	3/4	2	1	IV6(2)	G	I		IV6(2)	IV		6	2				M	0	0	3, 0, 1		-1	3
117	115	11/16	11/16	3/4	2	1	IV6	G	I		IV6	IV		6					M	0	0	3, 0, -1		-1	3
118	116	0	0	3/4	2	1	iii6(2)	G	I		iii6(2)	iii		6	2				m	0	0	1, 5, -1		4	1
118	116	3/16	3/16	3/4	2	1	iii6	G	I		iii6	iii		6					m	0	0	1, 5, 4		4	1
118	116	1/4	1/4	3/4	2	1	ii6(2)	G	I		ii6(2)	ii		6	2				m	0	0	-1, 3, 4		2	-1
118	116	7/16	7/16	3/4	2	1	ii6	G	I		ii6	ii		6					m	0	0	-1, 3, 2		2	-1
118	116	1/2	1/2	3/4	2	1	I6(2)	G	I		I6(2)	I		6	2				M	0	0	4, 1, 2		0	4
118	116	11/16	11/16	3/4	2	1	I6	G	I		I6	I		6					M	0	0	4, 1, 0		0	4
119	117	0	0	3/4	2	1	IV	G	I		IV	IV							M	0	0	-1, 3, 0		-1	-1
119	117	1/4	1/4	3/4	2	1	V(64)	G	I		V(64)	V			64				M	0	0	1, 0, 4		1	1
119	117	1/2	1/2	3/4	2	1	V7	G	I		V7	V		7					Mm7	0	0	1, 5, 2, -1		1	1
120	118	0	0	3/4	2	1	I[I}	G	I	I	I	I						}	M	0	0	0, 4, 1		0	0
120	118	3/8	3/8	3/4	2	1	V7/IV	G	I	I	V7/IV	V		7		IV			Mm7	0	0	0, 4, 1, -2		0	0
120	118	1/2	1/2	3/4	2	1	IV6	G	I	I	IV6	IV		6					M	0	0	3, 0, -1		-1	3
120	118	5/8	5/8	3/4	2	1	viio	G	I	I	viio	vii	o						o	0	0	5, 2, -1		5	5
121	119	0	0	3/4	2	1	I	G	I	I	I	I							M	0	0	0, 4, 1		0	0
121	119	3/8	3/8	3/4	2	1	V7/IV	G	I	I	V7/IV	V		7		IV			Mm7	0	0	0, 4, 1, -2		0	0
121	119	1/2	1/2	3/4	2	1	IV	G	I	I	IV	IV							M	0	0	-1, 3, 0		-1	-1
121	119	5/8	5/8	3/4	2	1	viio6	G	I	I	viio6	vii	o	6					o	0	0	2, -1, 5		5	2
122	120	0	0	3/4	2	1	I]	G	I	I	I	I							M	0	0	0, 4, 1		0	0
